institution,country,subject,subject_rank,world_rank,overall_score,academic_score,employer_score,faculty_score,citations_score
Harvard University,United States,Accounting,1,5.0,97.6,100.0,100.0,99.4,100.0
Massachusetts Institute of Technology (MIT),United States,Accounting,2,,,,,,
Stanford University,United States,Accounting,3,3.0,98.5,100.0,100.0,100.0,99.9
University of Oxford,United Kingdom,Accounting,4,4.0,98.4,100.0,100.0,100.0,90.0
University of Chicago,United States,Accounting,5,10.0,93.2,99.2,92.2,92.9,86.8
University of Cambridge,United Kingdom,Accounting,6,2.0,98.8,100.0,100.0,100.0,92.3
"University of California, Berkeley (UCB)",United States,Accounting,7,27.0,82.7,100.0,100.0,23.9,99.9
The London School of Economics and Political Science (LSE),United Kingdom,Accounting,8,56.0,72.3,69.0,98.3,37.8,84.6
University of Pennsylvania,United States,Accounting,9,13.0,90.6,96.5,92.5,99.9,70.9
Yale University,United States,Accounting,10,18.0,89.0,99.9,100.0,100.0,51.5
New York University (NYU),United States,Accounting,11,39.0,80.3,95.9,99.0,98.1,28.9
Columbia University,United States,Accounting,12,22.0,86.7,99.7,98.1,100.0,47.2
National University of Singapore (NUS),Singapore,Accounting,12,11.0,92.7,99.5,94.1,79.8,91.8
Peking University,China (Mainland),Accounting,14,12.0,91.3,99.3,96.5,87.3,96.7
"University of California, Los Angeles (UCLA)",United States,Accounting,14,44.0,78.7,100.0,99.9,37.7,85.9
Tsinghua University,China (Mainland),Accounting,16,14.0,90.1,98.9,97.7,92.8,98.1
University of Toronto,Canada,Accounting,17,35.0,81.5,99.6,98.3,65.6,43.5
London Business School,United Kingdom,Accounting,18,,,,,,
Università Commerciale Luigi Bocconi (Bocconi University),Italy,Accounting,19,,,,,,
"Nanyang Technological University, Singapore (NTU)",Singapore,Accounting,20,19.0,88.4,90.4,76.1,83.2,94.1
Imperial College London,United Kingdom,Accounting,21,7.0,97.0,98.3,99.7,99.5,86.5
The University of New South Wales (UNSW Sydney),Australia,Accounting,22,45.0,78.0,89.0,91.1,16.8,97.6
The University of Manchester,United Kingdom,Accounting,23,28.0,82.3,95.1,97.7,63.1,59.0
HEC Paris,France,Accounting,24,,,,,,
Northwestern University,United States,Accounting,25,32.0,81.8,84.4,71.9,98.3,84.2
Princeton University,United States,Accounting,26,17.0,89.2,99.9,98.9,72.6,100.0
The University of Melbourne,Australia,Accounting,27,33.0,81.6,98.6,94.9,17.9,95.0
The University of Hong Kong,"Hong Kong SAR, China",Accounting,28,21.0,87.0,97.4,62.9,84.2,72.6
The University of Sydney,Australia,Accounting,29,41.0,79.6,96.2,91.7,15.6,92.1
University of Texas at Austin,United States,Accounting,30,72.0,67.4,93.7,85.2,9.8,90.9
University of Michigan-Ann Arbor,United States,Accounting,31,25.0,84.4,98.5,91.3,88.9,62.5
Cornell University,United States,Accounting,32,20.0,87.2,98.3,91.4,62.2,99.3
The University of Tokyo,Japan,Accounting,32,23.0,85.3,100.0,99.7,91.9,73.3
The Hong Kong University of Science and Technology,"Hong Kong SAR, China",Accounting,34,40.0,79.8,82.0,50.1,62.6,98.6
University of British Columbia,Canada,Accounting,34,47.0,77.0,98.0,95.4,56.5,42.1
Seoul National University,Republic of Korea,Accounting,36,29.0,82.2,98.6,97.8,87.0,70.3
Fudan University,China (Mainland),Accounting,37,34.0,81.5,83.6,93.5,89.3,70.4
The Chinese University of Hong Kong (CUHK),"Hong Kong SAR, China",Accounting,37,38.0,80.6,87.3,49.6,60.9,92.9
Duke University,United States,Accounting,39,50.0,74.8,86.1,79.8,100.0,41.2
Shanghai Jiao Tong University,China (Mainland),Accounting,40,46.0,77.4,82.7,90.2,57.7,97.1
Monash University,Australia,Accounting,41,57.0,71.6,87.6,80.8,11.2,79.3
INSEAD (France),France,Accounting,42,,,,,,
The Australian National University,Australia,Accounting,43,30.0,82.1,93.6,70.1,38.0,99.3
The University of Warwick,United Kingdom,Accounting,44,64.0,69.1,71.8,89.3,43.1,63.1
Erasmus University Rotterdam,Netherlands,Accounting,45,,,,,,
UCL,United Kingdom,Accounting,46,8.0,95.0,99.4,98.6,97.6,77.0
ETH Zurich - Swiss Federal Institute of Technology,Switzerland,Accounting,47,9.0,93.6,98.6,91.3,74.2,99.2
University of Illinois at Urbana-Champaign,United States,Accounting,48,85.0,63.6,85.6,60.9,9.5,88.7
The University of Edinburgh,United Kingdom,Accounting,49,15.0,89.5,98.0,97.2,81.1,70.1
Korea University,Republic of Korea,Accounting,50,74.0,66.9,79.3,93.9,86.1,29.5
Wageningen University & Research,Netherlands,Agriculture,1,124.0,54.6,42.8,17.0,97.4,48.2
"University of California, Davis",United States,Agriculture,2,102.0,58.2,64.8,51.0,27.1,68.7
Swedish University of Agricultural Sciences,Sweden,Agriculture,3,,,,,,
China Agricultural University,China (Mainland),Agriculture,4,,,,,,
Cornell University,United States,Agriculture,5,20.0,87.2,98.3,91.4,62.2,99.3
Purdue University,United States,Agriculture,6,129.0,54.2,62.7,73.1,11.7,70.9
ETH Zurich - Swiss Federal Institute of Technology,Switzerland,Agriculture,7,9.0,93.6,98.6,91.3,74.2,99.2
Ghent University,Belgium,Agriculture,8,143.0,51.6,54.0,30.1,83.2,26.9
"University of California, Berkeley (UCB)",United States,Agriculture,9,27.0,82.7,100.0,100.0,23.9,99.9
Norwegian University of Life Sciences (UMB),Norway,Agriculture,10,,,,,,
Michigan State University,United States,Agriculture,11,159.0,48.9,60.5,61.4,12.9,58.9
Iowa State University,United States,Agriculture,12,483.0,24.8,19.4,13.9,7.9,65.8
Texas A&M University,United States,Agriculture,13,164.0,47.9,61.5,65.0,5.0,67.8
Nanjing Agricultural University,China (Mainland),Agriculture,14,867.0,,4.8,1.8,7.9,46.3
The University of Queensland,Australia,Agriculture,15,51.0,74.8,86.6,75.6,20.2,90.8
University of Copenhagen,Denmark,Agriculture,16,82.0,64.1,72.8,36.6,100.0,26.0
University of Florida,United States,Agriculture,17,188.0,45.3,48.5,47.0,71.4,26.4
University of Wisconsin-Madison,United States,Agriculture,18,83.0,63.7,82.4,48.1,70.6,41.9
University of Illinois at Urbana-Champaign,United States,Agriculture,19,85.0,63.6,85.6,60.9,9.5,88.7
University of Reading,United Kingdom,Agriculture,20,229.0,40.4,33.2,29.1,20.9,55.0
"L'Institut Agro (L'Institut Agro Dijon, L'Institut Agro Montpellier, L'Institut Agro Rennes Angers)",France,Agriculture,21,,,,,,
University of Göttingen,Germany,Agriculture,21,216.0,42.2,49.3,21.5,64.1,18.7
Northwest Agriculture and Forestry University,China (Mainland),Agriculture,23,874.0,,3.1,1.1,32.3,21.8
The Ohio State University,United States,Agriculture,24,140.0,52.0,61.1,62.2,51.1,34.6
University of British Columbia,Canada,Agriculture,25,47.0,77.0,98.0,95.4,56.5,42.1
University of Hohenheim,Germany,Agriculture,26,968.0,,9.0,4.3,8.4,30.4
The University of Tokyo,Japan,Agriculture,27,23.0,85.3,100.0,99.7,91.9,73.3
South China Agricultural University,China (Mainland),Agriculture,28,,,,,,
Universität für Bodenkultur Wien,Austria,Agriculture,28,,,,,,
University of Guelph,Canada,Agriculture,30,597.0,,13.5,31.5,6.0,41.7
KU Leuven,Belgium,Agriculture,31,76.0,66.0,83.8,53.0,7.7,92.7
North Carolina State University,United States,Agriculture,31,313.0,34.1,29.2,23.0,11.3,68.3
The University of Melbourne,Australia,Agriculture,33,33.0,81.6,98.6,94.9,17.9,95.0
"University of Agriculture, Faisalabad",Pakistan,Agriculture,34,,,,,,
University of Helsinki,Finland,Agriculture,35,107.0,57.8,65.3,44.6,66.5,49.8
University of Minnesota Twin Cities,United States,Agriculture,35,186.0,45.4,60.1,28.2,38.2,49.2
The Australian National University,Australia,Agriculture,37,30.0,82.1,93.6,70.1,38.0,99.3
The University of Western Australia,Australia,Agriculture,37,90.0,61.7,55.6,49.9,21.8,98.9
Warsaw University of Life Sciences – SGGW (WULS-SGGW),Poland,Agriculture,38,1200.0,,7.3,7.2,21.9,5.4
Seoul National University,Republic of Korea,Agriculture,39,29.0,82.2,98.6,97.8,87.0,70.3
Université Paris-Saclay,France,Agriculture,39,69.0,68.1,57.2,99.2,99.7,49.5
Huazhong Agricultural University,China (Mainland),Agriculture,41,1052.0,,3.1,1.7,6.9,36.2
University of Massachusetts Amherst,United States,Agriculture,42,253.0,38.3,40.7,16.8,13.7,65.3
Aarhus University,Denmark,Agriculture,43,161.0,48.6,55.6,33.5,32.4,55.2
Kyoto University,Japan,Agriculture,44,36.0,81.4,98.6,98.9,94.8,54.2
Technical University of Munich,Germany,Agriculture,45,49.0,76.4,84.0,96.8,96.4,25.8
Oregon State University,United States,Agriculture,46,625.0,,16.2,7.0,24.0,37.2
University of Nebraska - Lincoln,United States,Agriculture,46,700.0,,10.5,5.3,19.4,38.4
Kansas State University,United States,Agriculture,48,,,,,,
IPB University (a.k.a. Bogor Agricultural University),Indonesia,Agriculture,49,,,,,,
The University of Georgia,United States,Agriculture,49,634.0,,21.2,27.2,11.7,31.5
Tokyo University of Agriculture and Technology,Japan,Agriculture,49,,,,,,
University of Oxford,United Kingdom,Anatomy,1,4.0,98.4,100.0,100.0,100.0,90.0
Stanford University,United States,Anatomy,2,3.0,98.5,100.0,100.0,100.0,99.9
University of Cambridge,United Kingdom,Anatomy,3,2.0,98.8,100.0,100.0,100.0,92.3
Johns Hopkins University,United States,Anatomy,4,24.0,85.1,87.9,47.2,100.0,87.3
Duke University,United States,Anatomy,5,50.0,74.8,86.1,79.8,100.0,41.2
McGill University,Canada,Anatomy,5,31.0,81.9,93.3,93.6,68.9,59.6
University of Toronto,Canada,Anatomy,5,35.0,81.5,99.6,98.3,65.6,43.5
Columbia University,United States,Anatomy,8,22.0,86.7,99.7,98.1,100.0,47.2
"University of California, Los Angeles (UCLA)",United States,Anatomy,9,44.0,78.7,100.0,99.9,37.7,85.9
University of British Columbia,Canada,Anatomy,10,47.0,77.0,98.0,95.4,56.5,42.1
UCL,United Kingdom,Anatomy,11,8.0,95.0,99.4,98.6,97.6,77.0
University of Copenhagen,Denmark,Anatomy,12,82.0,64.1,72.8,36.6,100.0,26.0
University of Glasgow,United Kingdom,Anatomy,13,81.0,64.6,75.1,75.1,50.5,34.7
Peking University,China (Mainland),Anatomy,14,12.0,91.3,99.3,96.5,87.3,96.7
National University of Singapore (NUS),Singapore,Anatomy,15,11.0,92.7,99.5,94.1,79.8,91.8
Imperial College London,United Kingdom,Anatomy,16,7.0,97.0,98.3,99.7,99.5,86.5
University of Pennsylvania,United States,Anatomy,17,13.0,90.6,96.5,92.5,99.9,70.9
"University of California, San Diego (UCSD)",United States,Anatomy,18,53.0,74.5,90.0,61.6,55.6,77.0
Washington University in St. Louis,United States,Anatomy,19,119.0,55.8,40.1,15.3,99.9,55.6
The University of Sydney,Australia,Anatomy,20,41.0,79.6,96.2,91.7,15.6,92.1
Zhejiang University,China (Mainland),Anatomy,21,43.0,79.3,72.2,95.3,78.7,88.4
Northwestern University,United States,Anatomy,22,32.0,81.8,84.4,71.9,98.3,84.2
Shanghai Jiao Tong University,China (Mainland),Anatomy,23,46.0,77.4,82.7,90.2,57.7,97.1
Tsinghua University,China (Mainland),Anatomy,24,14.0,90.1,98.9,97.7,92.8,98.1
University of Michigan-Ann Arbor,United States,Anatomy,25,25.0,84.4,98.5,91.3,88.9,62.5
King's College London,United Kingdom,Anatomy,26,37.0,81.2,88.8,83.2,74.5,60.5
The University of Tokyo,Japan,Anatomy,26,23.0,85.3,100.0,99.7,91.9,73.3
University of Southern California,United States,Anatomy,28,134.0,53.7,54.6,59.1,28.4,71.7
The University of Manchester,United Kingdom,Anatomy,29,28.0,82.3,95.1,97.7,63.1,59.0
The University of Melbourne,Australia,Anatomy,30,33.0,81.6,98.6,94.9,17.9,95.0
The University of Western Australia,Australia,Anatomy,30,90.0,61.7,55.6,49.9,21.8,98.9
Monash University,Australia,Anatomy,32,57.0,71.6,87.6,80.8,11.2,79.3
The University of Edinburgh,United Kingdom,Anatomy,33,15.0,89.5,98.0,97.2,81.1,70.1
New York University (NYU),United States,Anatomy,34,39.0,80.3,95.9,99.0,98.1,28.9
University of Otago,New Zealand,Anatomy,35,218.0,42.0,47.1,34.3,12.5,51.4
University of Birmingham,United Kingdom,Anatomy,36,91.0,61.1,66.0,74.7,44.1,45.9
University of Leeds,United Kingdom,Anatomy,37,86.0,62.8,70.2,78.4,41.6,47.8
Fudan University,China (Mainland),Anatomy,38,34.0,81.5,83.6,93.5,89.3,70.4
Sorbonne University,France,Anatomy,39,60.0,70.1,90.0,41.7,40.6,86.3
The Chinese University of Hong Kong (CUHK),"Hong Kong SAR, China",Anatomy,39,38.0,80.6,87.3,49.6,60.9,92.9
University of Alberta,Canada,Anatomy,41,110.0,56.9,55.1,48.9,51.5,53.9
The University of Adelaide,Australia,Anatomy,42,109.0,57.0,52.3,35.2,17.2,94.5
Kyoto University,Japan,Anatomy,43,36.0,81.4,98.6,98.9,94.8,54.2
Ludwig-Maximilians-Universität München,Germany,Anatomy,44,59.0,70.4,92.6,75.7,56.0,45.5
"University of California, San Francisco (UCSF)",United States,Anatomy,45,,,,,,
The University of Texas Southwestern Medical Center at Dallas,United States,Anatomy,46,,,,,,
University of Calgary,Canada,Anatomy,47,242.0,39.0,36.1,50.5,21.2,41.9
The University of Queensland,Australia,Anatomy,48,51.0,74.8,86.6,75.6,20.2,90.8
"University of North Carolina, Chapel Hill",United States,Anatomy,48,103.0,58.2,65.5,44.7,80.4,46.6
The University of Hong Kong,"Hong Kong SAR, China",Anatomy,50,21.0,87.0,97.4,62.9,84.2,72.6
Harvard University,United States,Anthropology,1,5.0,97.6,100.0,100.0,99.4,100.0
University of Oxford,United Kingdom,Anthropology,2,4.0,98.4,100.0,100.0,100.0,90.0
University of Cambridge,United Kingdom,Anthropology,3,2.0,98.8,100.0,100.0,100.0,92.3
UCL,United Kingdom,Anthropology,4,8.0,95.0,99.4,98.6,97.6,77.0
"University of California, Berkeley (UCB)",United States,Anthropology,5,27.0,82.7,100.0,100.0,23.9,99.9
Stanford University,United States,Anthropology,6,3.0,98.5,100.0,100.0,100.0,99.9
University of Chicago,United States,Anthropology,6,10.0,93.2,99.2,92.2,92.9,86.8
"University of California, Los Angeles (UCLA)",United States,Anthropology,8,44.0,78.7,100.0,99.9,37.7,85.9
The Australian National University,Australia,Anthropology,9,30.0,82.1,93.6,70.1,38.0,99.3
University of Michigan-Ann Arbor,United States,Anthropology,10,25.0,84.4,98.5,91.3,88.9,62.5
The London School of Economics and Political Science (LSE),United Kingdom,Anthropology,11,56.0,72.3,69.0,98.3,37.8,84.6
University of Toronto,Canada,Anthropology,12,35.0,81.5,99.6,98.3,65.6,43.5
New York University (NYU),United States,Anthropology,13,39.0,80.3,95.9,99.0,98.1,28.9
Yale University,United States,Anthropology,13,18.0,89.0,99.9,100.0,100.0,51.5
Universidad Nacional Autónoma de México (UNAM),Mexico,Anthropology,15,105.0,58.0,96.0,95.1,43.2,2.9
National University of Singapore (NUS),Singapore,Anthropology,16,11.0,92.7,99.5,94.1,79.8,91.8
The University of Edinburgh,United Kingdom,Anthropology,17,15.0,89.5,98.0,97.2,81.1,70.1
SOAS University of London,United Kingdom,Anthropology,18,,,,,,
Columbia University,United States,Anthropology,19,22.0,86.7,99.7,98.1,100.0,47.2
University of Amsterdam,Netherlands,Anthropology,20,58.0,71.1,82.7,42.3,26.7,97.3
The University of Manchester,United Kingdom,Anthropology,21,28.0,82.3,95.1,97.7,63.1,59.0
University of British Columbia,Canada,Anthropology,22,47.0,77.0,98.0,95.4,56.5,42.1
The University of Melbourne,Australia,Anthropology,23,33.0,81.6,98.6,94.9,17.9,95.0
Princeton University,United States,Anthropology,24,17.0,89.2,99.9,98.9,72.6,100.0
The University of Hong Kong,"Hong Kong SAR, China",Anthropology,25,21.0,87.0,97.4,62.9,84.2,72.6
Universidade de São Paulo,Brazil,Anthropology,25,115.0,56.1,91.8,69.9,17.4,40.6
Leiden University,Netherlands,Anthropology,27,132.0,54.1,68.1,23.4,22.2,65.8
The Chinese University of Hong Kong (CUHK),"Hong Kong SAR, China",Anthropology,28,38.0,80.6,87.3,49.6,60.9,92.9
Durham University,United Kingdom,Anthropology,29,92.0,60.9,57.9,89.2,31.0,65.7
McGill University,Canada,Anthropology,30,31.0,81.9,93.3,93.6,68.9,59.6
University of Pennsylvania,United States,Anthropology,30,13.0,90.6,96.5,92.5,99.9,70.9
The University of Tokyo,Japan,Anthropology,32,23.0,85.3,100.0,99.7,91.9,73.3
The University of Sydney,Australia,Anthropology,33,41.0,79.6,96.2,91.7,15.6,92.1
Duke University,United States,Anthropology,34,50.0,74.8,86.1,79.8,100.0,41.2
Aarhus University,Denmark,Anthropology,35,161.0,48.6,55.6,33.5,32.4,55.2
Arizona State University,United States,Anthropology,36,219.0,41.8,46.7,40.2,8.2,59.9
University of Copenhagen,Denmark,Anthropology,36,82.0,64.1,72.8,36.6,100.0,26.0
University of Texas at Austin,United States,Anthropology,36,72.0,67.4,93.7,85.2,9.8,90.9
Kyoto University,Japan,Anthropology,39,36.0,81.4,98.6,98.9,94.8,54.2
Universidad de Buenos Aires (UBA),Argentina,Anthropology,40,67.0,68.9,92.3,94.0,76.0,1.8
Cornell University,United States,Anthropology,41,20.0,87.2,98.3,91.4,62.2,99.3
University of Wisconsin-Madison,United States,Anthropology,42,83.0,63.7,82.4,48.1,70.6,41.9
The University of Arizona,United States,Anthropology,43,263.0,37.8,39.6,22.4,67.6,21.5
University of Vienna,Austria,Anthropology,44,151.0,50.6,69.4,55.3,24.2,14.1
University of Oslo,Norway,Anthropology,45,101.0,58.7,54.9,14.5,83.8,62.7
Université Paris 1 Panthéon-Sorbonne,France,Anthropology,46,,,,,,
Brown University,United States,Anthropology,47,63.0,69.6,57.6,54.2,80.8,89.9
Peking University,China (Mainland),Anthropology,47,12.0,91.3,99.3,96.5,87.3,96.7
Ecole des Hautes Etudes en Sciences Sociales (EHESS),France,Anthropology,49,,,,,,
Freie Universitaet Berlin,Germany,Anthropology,49,118.0,55.8,80.7,44.9,4.0,63.5
University of Cambridge,United Kingdom,Archaeology,1,2.0,98.8,100.0,100.0,100.0,92.3
University of Oxford,United Kingdom,Archaeology,2,4.0,98.4,100.0,100.0,100.0,90.0
UCL,United Kingdom,Archaeology,3,8.0,95.0,99.4,98.6,97.6,77.0
Leiden University,Netherlands,Archaeology,4,132.0,54.1,68.1,23.4,22.2,65.8
Peking University,China (Mainland),Archaeology,5,12.0,91.3,99.3,96.5,87.3,96.7
Durham University,United Kingdom,Archaeology,6,92.0,60.9,57.9,89.2,31.0,65.7
Harvard University,United States,Archaeology,7,5.0,97.6,100.0,100.0,99.4,100.0
Stanford University,United States,Archaeology,8,3.0,98.5,100.0,100.0,100.0,99.9
"University of California, Berkeley (UCB)",United States,Archaeology,9,27.0,82.7,100.0,100.0,23.9,99.9
The Australian National University,Australia,Archaeology,10,30.0,82.1,93.6,70.1,38.0,99.3
Sapienza University of Rome,Italy,Archaeology,11,171.0,46.8,78.0,36.6,4.5,50.2
Eberhard Karls Universität Tübingen,Germany,Archaeology,12,169.0,47.2,44.7,21.0,96.7,14.9
The University of Tokyo,Japan,Archaeology,13,23.0,85.3,100.0,99.7,91.9,73.3
"University of California, Los Angeles (UCLA)",United States,Archaeology,14,44.0,78.7,100.0,99.9,37.7,85.9
Université Paris 1 Panthéon-Sorbonne,France,Archaeology,15,,,,,,
Arizona State University,United States,Archaeology,16,219.0,41.8,46.7,40.2,8.2,59.9
The University of Arizona,United States,Archaeology,17,263.0,37.8,39.6,22.4,67.6,21.5
University of Chicago,United States,Archaeology,17,10.0,93.2,99.2,92.2,92.9,86.8
Aarhus University,Denmark,Archaeology,19,161.0,48.6,55.6,33.5,32.4,55.2
Christian-Albrechts-University zu Kiel,Germany,Archaeology,20,525.0,,18.8,10.3,49.4,22.8
Yale University,United States,Archaeology,21,18.0,89.0,99.9,100.0,100.0,51.5
University of Pennsylvania,United States,Archaeology,22,13.0,90.6,96.5,92.5,99.9,70.9
Freie Universitaet Berlin,Germany,Archaeology,23,118.0,55.8,80.7,44.9,4.0,63.5
Ruprecht-Karls-Universität Heidelberg,Germany,Archaeology,23,65.0,69.0,78.7,40.3,99.8,41.1
Kyoto University,Japan,Archaeology,25,36.0,81.4,98.6,98.9,94.8,54.2
University of York,United Kingdom,Archaeology,25,162.0,48.4,43.3,36.1,45.0,48.6
The University of Auckland,New Zealand,Archaeology,27,87.0,62.7,81.5,48.3,22.4,54.1
University of Michigan-Ann Arbor,United States,Archaeology,28,25.0,84.4,98.5,91.3,88.9,62.5
The University of Edinburgh,United Kingdom,Archaeology,29,15.0,89.5,98.0,97.2,81.1,70.1
The University of Sheffield,United Kingdom,Archaeology,29,96.0,59.5,58.7,53.5,59.4,46.9
University of Toronto,Canada,Archaeology,31,35.0,81.5,99.6,98.3,65.6,43.5
The University of Melbourne,Australia,Archaeology,32,33.0,81.6,98.6,94.9,17.9,95.0
The University of Sydney,Australia,Archaeology,33,41.0,79.6,96.2,91.7,15.6,92.1
Aix-Marseille University,France,Archaeology,34,490.0,24.5,36.0,3.5,9.1,28.8
Universidad Nacional Autónoma de México (UNAM),Mexico,Archaeology,34,105.0,58.0,96.0,95.1,43.2,2.9
University of Southampton,United Kingdom,Archaeology,36,78.0,65.0,50.7,56.6,63.3,82.7
University of Glasgow,United Kingdom,Archaeology,37,81.0,64.6,75.1,75.1,50.5,34.7
Princeton University,United States,Archaeology,38,17.0,89.2,99.9,98.9,72.6,100.0
University of British Columbia,Canada,Archaeology,39,47.0,77.0,98.0,95.4,56.5,42.1
University of Leicester,United Kingdom,Archaeology,40,279.0,36.6,22.2,14.9,44.6,42.7
Alma Mater Studiorum - University of Bologna,Italy,Archaeology,41,167.0,47.5,78.5,43.1,3.5,49.7
University of Copenhagen,Denmark,Archaeology,41,82.0,64.1,72.8,36.6,100.0,26.0
Universidade de São Paulo,Brazil,Archaeology,43,115.0,56.1,91.8,69.9,17.4,40.6
Fudan University,China (Mainland),Archaeology,44,34.0,81.5,83.6,93.5,89.3,70.4
The University of Exeter,United Kingdom,Archaeology,45,163.0,48.2,41.1,56.1,31.5,55.3
Ludwig-Maximilians-Universität München,Germany,Archaeology,46,59.0,70.4,92.6,75.7,56.0,45.5
The University of Queensland,Australia,Archaeology,47,51.0,74.8,86.6,75.6,20.2,90.8
University of Vienna,Austria,Archaeology,47,151.0,50.6,69.4,55.3,24.2,14.1
University of Reading,United Kingdom,Archaeology,49,229.0,40.4,33.2,29.1,20.9,55.0
Seoul National University,Republic of Korea,Archaeology,50,29.0,82.2,98.6,97.8,87.0,70.3
The Bartlett School of Architecture  | UCL,United Kingdom,Architecture,1,,,,,,
Massachusetts Institute of Technology (MIT),United States,Architecture,2,,,,,,
Delft University of Technology,Netherlands,Architecture,3,61.0,70.0,71.6,80.2,34.5,84.4
ETH Zurich - Swiss Federal Institute of Technology,Switzerland,Architecture,4,9.0,93.6,98.6,91.3,74.2,99.2
Manchester School of Architecture,United Kingdom,Architecture,5,,,,,,
Harvard University,United States,Architecture,6,5.0,97.6,100.0,100.0,99.4,100.0
Politecnico di Milano,Italy,Architecture,7,139.0,52.4,67.8,76.8,5.4,53.5
Tsinghua University,China (Mainland),Architecture,7,14.0,90.1,98.9,97.7,92.8,98.1
National University of Singapore (NUS),Singapore,Architecture,9,11.0,92.7,99.5,94.1,79.8,91.8
"University of California, Berkeley (UCB)",United States,Architecture,10,27.0,82.7,100.0,100.0,23.9,99.9
Tongji University,China (Mainland),Architecture,11,212.0,42.4,33.2,10.0,26.6,87.5
University of Cambridge,United Kingdom,Architecture,12,2.0,98.8,100.0,100.0,100.0,92.3
The University of Hong Kong,"Hong Kong SAR, China",Architecture,13,21.0,87.0,97.4,62.9,84.2,72.6
EPFL,Switzerland,Architecture,14,16.0,89.2,83.7,71.8,91.1,99.4
The University of Tokyo,Japan,Architecture,15,23.0,85.3,100.0,99.7,91.9,73.3
Columbia University,United States,Architecture,16,22.0,86.7,99.7,98.1,100.0,47.2
The Hong Kong Polytechnic University,"Hong Kong SAR, China",Architecture,17,66.0,69.0,66.1,37.0,78.4,68.9
Georgia Institute of Technology,United States,Architecture,18,88.0,62.3,67.7,77.0,11.1,95.5
Cornell University,United States,Architecture,19,20.0,87.2,98.3,91.4,62.2,99.3
Politecnico di Torino,Italy,Architecture,20,325.0,33.1,36.6,47.3,2.5,54.0
RMIT University,Australia,Architecture,21,190.0,44.6,36.6,55.5,6.7,66.0
Peking University,China (Mainland),Architecture,22,12.0,91.3,99.3,96.5,87.3,96.7
The University of New South Wales (UNSW Sydney),Australia,Architecture,23,45.0,78.0,89.0,91.1,16.8,97.6
Shanghai Jiao Tong University,China (Mainland),Architecture,24,46.0,77.4,82.7,90.2,57.7,97.1
Stanford University,United States,Architecture,24,3.0,98.5,100.0,100.0,100.0,99.9
The University of Melbourne,Australia,Architecture,26,33.0,81.6,98.6,94.9,17.9,95.0
Technische Universität Berlin (TU Berlin),Germany,Architecture,27,158.0,49.3,55.1,64.9,48.5,23.6
"University of California, Los Angeles (UCLA)",United States,Architecture,27,44.0,78.7,100.0,99.9,37.7,85.9
Technical University of Munich,Germany,Architecture,29,49.0,76.4,84.0,96.8,96.4,25.8
The University of Sydney,Australia,Architecture,30,41.0,79.6,96.2,91.7,15.6,92.1
Tianjin University,China (Mainland),Architecture,30,308.0,34.4,18.3,4.3,31.2,92.0
Yale University,United States,Architecture,32,18.0,89.0,99.9,100.0,100.0,51.5
Seoul National University,Republic of Korea,Architecture,33,29.0,82.2,98.6,97.8,87.0,70.3
University of Oxford,United Kingdom,Architecture,33,4.0,98.4,100.0,100.0,100.0,90.0
The Chinese University of Hong Kong (CUHK),"Hong Kong SAR, China",Architecture,35,38.0,80.6,87.3,49.6,60.9,92.9
"Nanyang Technological University, Singapore (NTU)",Singapore,Architecture,36,19.0,88.4,90.4,76.1,83.2,94.1
Universidad Politécnica de Madrid (UPM),Spain,Architecture,36,489.0,24.6,30.8,50.1,17.4,10.8
Universitat Politècnica de Catalunya · BarcelonaTech (UPC),Spain,Architecture,38,344.0,31.4,32.5,25.8,45.1,24.7
University of Pennsylvania,United States,Architecture,39,13.0,90.6,96.5,92.5,99.9,70.9
Princeton University,United States,Architecture,40,17.0,89.2,99.9,98.9,72.6,100.0
University of Michigan-Ann Arbor,United States,Architecture,40,25.0,84.4,98.5,91.3,88.9,62.5
KTH Royal Institute of Technology,Sweden,Architecture,42,,,,,,
Zhejiang University,China (Mainland),Architecture,43,43.0,79.3,72.2,95.3,78.7,88.4
The University of Sheffield,United Kingdom,Architecture,44,96.0,59.5,58.7,53.5,59.4,46.9
Tokyo Institute of Technology (Tokyo Tech),Japan,Architecture,45,55.0,72.5,74.1,93.4,81.5,65.9
Harbin Institute of Technology,China (Mainland),Architecture,46,217.0,42.0,26.6,8.9,50.5,96.5
Southeast University,China (Mainland),Architecture,46,463.0,25.5,11.1,6.0,29.5,68.7
Yonsei University,Republic of Korea,Architecture,48,73.0,67.0,75.5,95.5,88.6,28.4
Aalto University,Finland,Architecture,49,116.0,55.9,44.5,45.8,44.4,89.3
Purdue University,United States,Architecture,49,129.0,54.2,62.7,73.1,11.7,70.9
Royal College of Art,United Kingdom,Art & Design,1,,,,,,
University of the Arts London,United Kingdom,Art & Design,2,,,,,,
Parsons School of Design at The New School,United States,Art & Design,3,,,,,,
Rhode Island School of Design (RISD),United States,Art & Design,4,,,,,,
Massachusetts Institute of Technology (MIT),United States,Art & Design,5,,,,,,
Politecnico di Milano,Italy,Art & Design,6,139.0,52.4,67.8,76.8,5.4,53.5
Pratt Institute,United States,Art & Design,7,,,,,,
Aalto University,Finland,Art & Design,8,116.0,55.9,44.5,45.8,44.4,89.3
School of the Art Institute of Chicago (SAIC),United States,Art & Design,9,,,,,,
Design Academy Eindhoven,Netherlands,Art & Design,10,,,,,,
Delft University of Technology,Netherlands,Art & Design,11,61.0,70.0,71.6,80.2,34.5,84.4
Glasgow School of Art (GSA),United Kingdom,Art & Design,12,,,,,,
Savannah College of Art and Design,United States,Art & Design,13,,,,,,
Art Center College of Design,United States,Art & Design,14,,,,,,
Tsinghua University,China (Mainland),Art & Design,14,14.0,90.1,98.9,97.7,92.8,98.1
Yale University,United States,Art & Design,16,18.0,89.0,99.9,100.0,100.0,51.5
Stanford University,United States,Art & Design,17,3.0,98.5,100.0,100.0,100.0,99.9
Tongji University,China (Mainland),Art & Design,18,212.0,42.4,33.2,10.0,26.6,87.5
"Nanyang Technological University, Singapore (NTU)",Singapore,Art & Design,19,19.0,88.4,90.4,76.1,83.2,94.1
Carnegie Mellon University,United States,Art & Design,20,52.0,74.6,72.1,69.0,58.6,100.0
China Central Academy of Fine Arts,China (Mainland),Art & Design,21,,,,,,
New York University (NYU),United States,Art & Design,22,39.0,80.3,95.9,99.0,98.1,28.9
The Hong Kong Polytechnic University,"Hong Kong SAR, China",Art & Design,22,66.0,69.0,66.1,37.0,78.4,68.9
"University of California, Los Angeles (UCLA)",United States,Art & Design,24,44.0,78.7,100.0,99.9,37.7,85.9
School of Visual Arts (SVA),United States,Art & Design,25,,,,,,
RMIT University,Australia,Art & Design,26,190.0,44.6,36.6,55.5,6.7,66.0
University of Oxford,United Kingdom,Art & Design,27,4.0,98.4,100.0,100.0,100.0,90.0
KAIST - Korea Advanced Institute of Science & Technology,Republic of Korea,Art & Design,28,42.0,79.3,88.1,85.8,68.9,97.7
Peking University,China (Mainland),Art & Design,29,12.0,91.3,99.3,96.5,87.3,96.7
National University of Singapore (NUS),Singapore,Art & Design,30,11.0,92.7,99.5,94.1,79.8,91.8
The University of Tokyo,Japan,Art & Design,30,23.0,85.3,100.0,99.7,91.9,73.3
University of Cambridge,United Kingdom,Art & Design,32,2.0,98.8,100.0,100.0,100.0,92.3
California Institute of the Arts,United States,Art & Design,33,,,,,,
Seoul National University,Republic of Korea,Art & Design,34,29.0,82.2,98.6,97.8,87.0,70.3
The Royal Danish Academy of Fine Arts - The School of Design,Denmark,Art & Design,34,,,,,,
Emily Carr University of Art and Design,Canada,Art & Design,36,,,,,,
"Goldsmiths, University of London",United Kingdom,Art & Design,37,516.0,,16.2,7.5,18.3,17.4
King Abdulaziz University (KAU),Saudi Arabia,Art & Design,38,106.0,57.8,48.4,70.7,66.3,50.6
Loughborough University,United Kingdom,Art & Design,39,256.0,38.1,29.9,65.9,22.2,37.7
Tecnológico de Monterrey,Mexico,Art & Design,40,170.0,47.1,48.8,92.8,72.9,2.2
"Konstfack University College of Arts, Crafts and Design",Sweden,Art & Design,41,,,,,,
Universität der Knste Berlin,Germany,Art & Design,42,,,,,,
Universidad Nacional Autónoma de México (UNAM),Mexico,Art & Design,43,105.0,58.0,96.0,95.1,43.2,2.9
Hongik University,Republic of Korea,Art & Design,44,,,,,,
UCL,United Kingdom,Art & Design,44,8.0,95.0,99.4,98.6,97.6,77.0
Eindhoven University of Technology,Netherlands,Art & Design,46,138.0,52.7,28.9,72.8,50.5,78.2
Zurich University of the Arts (ZHdK),Switzerland,Art & Design,46,,,,,,
Columbia University,United States,Art & Design,48,22.0,86.7,99.7,98.1,100.0,47.2
Ecole Nationale Supérieure des Arts Décoratifs (ENSAD),France,Art & Design,49,,,,,,
Cornell University,United States,Art & Design,50,20.0,87.2,98.3,91.4,62.2,99.3
Harvard University,United States,Biological,1,5.0,97.6,100.0,100.0,99.4,100.0
Massachusetts Institute of Technology (MIT),United States,Biological,2,,,,,,
Stanford University,United States,Biological,3,3.0,98.5,100.0,100.0,100.0,99.9
University of Oxford,United Kingdom,Biological,4,4.0,98.4,100.0,100.0,100.0,90.0
University of Cambridge,United Kingdom,Biological,5,2.0,98.8,100.0,100.0,100.0,92.3
Yale University,United States,Biological,6,18.0,89.0,99.9,100.0,100.0,51.5
Johns Hopkins University,United States,Biological,7,24.0,85.1,87.9,47.2,100.0,87.3
"University of California, Berkeley (UCB)",United States,Biological,8,27.0,82.7,100.0,100.0,23.9,99.9
"University of California, San Francisco (UCSF)",United States,Biological,9,,,,,,
Imperial College London,United Kingdom,Biological,10,7.0,97.0,98.3,99.7,99.5,86.5
"University of California, San Diego (UCSD)",United States,Biological,11,53.0,74.5,90.0,61.6,55.6,77.0
"University of California, Los Angeles (UCLA)",United States,Biological,12,44.0,78.7,100.0,99.9,37.7,85.9
ETH Zurich - Swiss Federal Institute of Technology,Switzerland,Biological,13,9.0,93.6,98.6,91.3,74.2,99.2
Cornell University,United States,Biological,14,20.0,87.2,98.3,91.4,62.2,99.3
National University of Singapore (NUS),Singapore,Biological,15,11.0,92.7,99.5,94.1,79.8,91.8
UCL,United Kingdom,Biological,16,8.0,95.0,99.4,98.6,97.6,77.0
Columbia University,United States,Biological,17,22.0,86.7,99.7,98.1,100.0,47.2
California Institute of Technology (Caltech),United States,Biological,18,6.0,97.0,96.5,87.1,100.0,100.0
University of Pennsylvania,United States,Biological,19,13.0,90.6,96.5,92.5,99.9,70.9
Tsinghua University,China (Mainland),Biological,20,14.0,90.1,98.9,97.7,92.8,98.1
University of Chicago,United States,Biological,21,10.0,93.2,99.2,92.2,92.9,86.8
University of Toronto,Canada,Biological,22,35.0,81.5,99.6,98.3,65.6,43.5
The University of Edinburgh,United Kingdom,Biological,23,15.0,89.5,98.0,97.2,81.1,70.1
Princeton University,United States,Biological,24,17.0,89.2,99.9,98.9,72.6,100.0
Peking University,China (Mainland),Biological,25,12.0,91.3,99.3,96.5,87.3,96.7
Karolinska Institute,Sweden,Biological,26,,,,,,
The University of Tokyo,Japan,Biological,27,23.0,85.3,100.0,99.7,91.9,73.3
University of Washington,United States,Biological,28,80.0,64.7,84.8,48.6,10.8,100.0
University of Copenhagen,Denmark,Biological,29,82.0,64.1,72.8,36.6,100.0,26.0
"Nanyang Technological University, Singapore (NTU)",Singapore,Biological,30,19.0,88.4,90.4,76.1,83.2,94.1
King's College London,United Kingdom,Biological,31,37.0,81.2,88.8,83.2,74.5,60.5
Duke University,United States,Biological,32,50.0,74.8,86.1,79.8,100.0,41.2
Ruprecht-Karls-Universität Heidelberg,Germany,Biological,32,65.0,69.0,78.7,40.3,99.8,41.1
The University of Melbourne,Australia,Biological,34,33.0,81.6,98.6,94.9,17.9,95.0
EPFL,Switzerland,Biological,35,16.0,89.2,83.7,71.8,91.1,99.4
New York University (NYU),United States,Biological,35,39.0,80.3,95.9,99.0,98.1,28.9
University of Michigan-Ann Arbor,United States,Biological,37,25.0,84.4,98.5,91.3,88.9,62.5
Ludwig-Maximilians-Universität München,Germany,Biological,38,59.0,70.4,92.6,75.7,56.0,45.5
"University of California, Davis",United States,Biological,38,102.0,58.2,64.8,51.0,27.1,68.7
Washington University in St. Louis,United States,Biological,40,119.0,55.8,40.1,15.3,99.9,55.6
Wageningen University & Research,Netherlands,Biological,41,124.0,54.6,42.8,17.0,97.4,48.2
University of British Columbia,Canada,Biological,42,47.0,77.0,98.0,95.4,56.5,42.1
Seoul National University,Republic of Korea,Biological,43,29.0,82.2,98.6,97.8,87.0,70.3
McGill University,Canada,Biological,44,31.0,81.9,93.3,93.6,68.9,59.6
The University of Hong Kong,"Hong Kong SAR, China",Biological,44,21.0,87.0,97.4,62.9,84.2,72.6
Fudan University,China (Mainland),Biological,46,34.0,81.5,83.6,93.5,89.3,70.4
Sorbonne University,France,Biological,46,60.0,70.1,90.0,41.7,40.6,86.3
KU Leuven,Belgium,Biological,48,76.0,66.0,83.8,53.0,7.7,92.7
The University of Manchester,United Kingdom,Biological,49,28.0,82.3,95.1,97.7,63.1,59.0
Zhejiang University,China (Mainland),Biological,50,43.0,79.3,72.2,95.3,78.7,88.4
Harvard University,United States,Business,1,5.0,97.6,100.0,100.0,99.4,100.0
Massachusetts Institute of Technology (MIT),United States,Business,2,,,,,,
Stanford University,United States,Business,3,3.0,98.5,100.0,100.0,100.0,99.9
INSEAD (France),France,Business,4,,,,,,
University of Cambridge,United Kingdom,Business,5,2.0,98.8,100.0,100.0,100.0,92.3
University of Oxford,United Kingdom,Business,5,4.0,98.4,100.0,100.0,100.0,90.0
London Business School,United Kingdom,Business,7,,,,,,
National University of Singapore (NUS),Singapore,Business,8,11.0,92.7,99.5,94.1,79.8,91.8
University of Pennsylvania,United States,Business,9,13.0,90.6,96.5,92.5,99.9,70.9
Università Commerciale Luigi Bocconi (Bocconi University),Italy,Business,10,,,,,,
"University of California, Berkeley (UCB)",United States,Business,11,27.0,82.7,100.0,100.0,23.9,99.9
The London School of Economics and Political Science (LSE),United Kingdom,Business,12,56.0,72.3,69.0,98.3,37.8,84.6
HEC Paris,France,Business,13,,,,,,
"Nanyang Technological University, Singapore (NTU)",Singapore,Business,14,19.0,88.4,90.4,76.1,83.2,94.1
Copenhagen Business School,Denmark,Business,15,,,,,,
Yale University,United States,Business,16,18.0,89.0,99.9,100.0,100.0,51.5
New York University (NYU),United States,Business,17,39.0,80.3,95.9,99.0,98.1,28.9
Northwestern University,United States,Business,17,32.0,81.8,84.4,71.9,98.3,84.2
University of Chicago,United States,Business,17,10.0,93.2,99.2,92.2,92.9,86.8
Columbia University,United States,Business,20,22.0,86.7,99.7,98.1,100.0,47.2
Tecnológico de Monterrey,Mexico,Business,21,170.0,47.1,48.8,92.8,72.9,2.2
Erasmus University Rotterdam,Netherlands,Business,22,,,,,,
Tsinghua University,China (Mainland),Business,23,14.0,90.1,98.9,97.7,92.8,98.1
ESADE Business School | Universitat Ramon Llull,Spain,Business,24,,,,,,
Peking University,China (Mainland),Business,25,12.0,91.3,99.3,96.5,87.3,96.7
The Hong Kong University of Science and Technology,"Hong Kong SAR, China",Business,26,40.0,79.8,82.0,50.1,62.6,98.6
Indian Institute of Management (IIM) - Ahmedabad,India,Business,27,,,,,,
Shanghai Jiao Tong University,China (Mainland),Business,28,46.0,77.4,82.7,90.2,57.7,97.1
University of Michigan-Ann Arbor,United States,Business,29,25.0,84.4,98.5,91.3,88.9,62.5
The University of Hong Kong,"Hong Kong SAR, China",Business,30,21.0,87.0,97.4,62.9,84.2,72.6
"University of California, Los Angeles (UCLA)",United States,Business,31,44.0,78.7,100.0,99.9,37.7,85.9
IE University,Spain,Business,32,347.0,31.1,6.7,47.6,66.6,2.6
University of Toronto,Canada,Business,33,35.0,81.5,99.6,98.3,65.6,43.5
Yonsei University,Republic of Korea,Business,34,73.0,67.0,75.5,95.5,88.6,28.4
The University of New South Wales (UNSW Sydney),Australia,Business,35,45.0,78.0,89.0,91.1,16.8,97.6
The University of Warwick,United Kingdom,Business,35,64.0,69.1,71.8,89.3,43.1,63.1
Cornell University,United States,Business,37,20.0,87.2,98.3,91.4,62.2,99.3
Imperial College London,United Kingdom,Business,37,7.0,97.0,98.3,99.7,99.5,86.5
"ESSEC Business School, Paris",France,Business,39,,,,,,
Indian Institute of Management (IIM) - Bangalore,India,Business,40,,,,,,
Seoul National University,Republic of Korea,Business,40,29.0,82.2,98.6,97.8,87.0,70.3
IESE Business School | Universidad de Navarra,Spain,Business,42,,,,,,
Korea University,Republic of Korea,Business,42,74.0,66.9,79.3,93.9,86.1,29.5
Fudan University,China (Mainland),Business,44,34.0,81.5,83.6,93.5,89.3,70.4
The University of Manchester,United Kingdom,Business,45,28.0,82.3,95.1,97.7,63.1,59.0
The Chinese University of Hong Kong (CUHK),"Hong Kong SAR, China",Business,46,38.0,80.6,87.3,49.6,60.9,92.9
The Hong Kong Polytechnic University,"Hong Kong SAR, China",Business,46,66.0,69.0,66.1,37.0,78.4,68.9
University of St.Gallen (HSG),Switzerland,Business,48,510.0,,8.8,38.6,6.7,29.3
University of British Columbia,Canada,Business,49,47.0,77.0,98.0,95.4,56.5,42.1
Duke University,United States,Business,50,50.0,74.8,86.1,79.8,100.0,41.2
Pontificia Universidad Católica de Chile (UC),Chile,Business,50,121.0,54.9,91.8,98.1,22.3,12.5
The University of Melbourne,Australia,Business,50,33.0,81.6,98.6,94.9,17.9,95.0
Harvard University,United States,Chemistry,1,5.0,97.6,100.0,100.0,99.4,100.0
Massachusetts Institute of Technology (MIT),United States,Chemistry,2,,,,,,
University of Cambridge,United Kingdom,Chemistry,3,2.0,98.8,100.0,100.0,100.0,92.3
Stanford University,United States,Chemistry,4,3.0,98.5,100.0,100.0,100.0,99.9
University of Oxford,United Kingdom,Chemistry,5,4.0,98.4,100.0,100.0,100.0,90.0
"University of California, Berkeley (UCB)",United States,Chemistry,6,27.0,82.7,100.0,100.0,23.9,99.9
National University of Singapore (NUS),Singapore,Chemistry,7,11.0,92.7,99.5,94.1,79.8,91.8
"Nanyang Technological University, Singapore (NTU)",Singapore,Chemistry,8,19.0,88.4,90.4,76.1,83.2,94.1
ETH Zurich - Swiss Federal Institute of Technology,Switzerland,Chemistry,9,9.0,93.6,98.6,91.3,74.2,99.2
EPFL,Switzerland,Chemistry,10,16.0,89.2,83.7,71.8,91.1,99.4
Imperial College London,United Kingdom,Chemistry,11,7.0,97.0,98.3,99.7,99.5,86.5
Peking University,China (Mainland),Chemistry,12,12.0,91.3,99.3,96.5,87.3,96.7
Tsinghua University,China (Mainland),Chemistry,13,14.0,90.1,98.9,97.7,92.8,98.1
California Institute of Technology (Caltech),United States,Chemistry,14,6.0,97.0,96.5,87.1,100.0,100.0
Northwestern University,United States,Chemistry,15,32.0,81.8,84.4,71.9,98.3,84.2
"University of California, Los Angeles (UCLA)",United States,Chemistry,15,44.0,78.7,100.0,99.9,37.7,85.9
The University of Tokyo,Japan,Chemistry,17,23.0,85.3,100.0,99.7,91.9,73.3
University of Toronto,Canada,Chemistry,17,35.0,81.5,99.6,98.3,65.6,43.5
Zhejiang University,China (Mainland),Chemistry,19,43.0,79.3,72.2,95.3,78.7,88.4
Seoul National University,Republic of Korea,Chemistry,20,29.0,82.2,98.6,97.8,87.0,70.3
Shanghai Jiao Tong University,China (Mainland),Chemistry,21,46.0,77.4,82.7,90.2,57.7,97.1
Technical University of Munich,Germany,Chemistry,22,49.0,76.4,84.0,96.8,96.4,25.8
The University of Manchester,United Kingdom,Chemistry,22,28.0,82.3,95.1,97.7,63.1,59.0
UCL,United Kingdom,Chemistry,24,8.0,95.0,99.4,98.6,97.6,77.0
Nanjing University,China (Mainland),Chemistry,25,133.0,53.9,57.7,17.7,32.3,96.1
Fudan University,China (Mainland),Chemistry,26,34.0,81.5,83.6,93.5,89.3,70.4
Cornell University,United States,Chemistry,27,20.0,87.2,98.3,91.4,62.2,99.3
KU Leuven,Belgium,Chemistry,27,76.0,66.0,83.8,53.0,7.7,92.7
University of Science and Technology of China,China (Mainland),Chemistry,29,94.0,60.7,51.6,12.4,86.6,99.9
KAIST - Korea Advanced Institute of Science & Technology,Republic of Korea,Chemistry,30,42.0,79.3,88.1,85.8,68.9,97.7
Yale University,United States,Chemistry,31,18.0,89.0,99.9,100.0,100.0,51.5
Université de Strasbourg,France,Chemistry,32,435.0,26.8,40.7,6.8,5.1,24.9
Kyoto University,Japan,Chemistry,33,36.0,81.4,98.6,98.9,94.8,54.2
University of Chicago,United States,Chemistry,34,10.0,93.2,99.2,92.2,92.9,86.8
Princeton University,United States,Chemistry,35,17.0,89.2,99.9,98.9,72.6,100.0
University of Pennsylvania,United States,Chemistry,36,13.0,90.6,96.5,92.5,99.9,70.9
Delft University of Technology,Netherlands,Chemistry,37,61.0,70.0,71.6,80.2,34.5,84.4
"University of California, San Diego (UCSD)",United States,Chemistry,37,53.0,74.5,90.0,61.6,55.6,77.0
University of Texas at Austin,United States,Chemistry,39,72.0,67.4,93.7,85.2,9.8,90.9
Columbia University,United States,Chemistry,40,22.0,86.7,99.7,98.1,100.0,47.2
Georgia Institute of Technology,United States,Chemistry,41,88.0,62.3,67.7,77.0,11.1,95.5
RUDN University,Russian Federation,Chemistry,42,296.0,35.5,19.7,33.9,92.7,1.8
University of Illinois at Urbana-Champaign,United States,Chemistry,43,85.0,63.6,85.6,60.9,9.5,88.7
The University of Hong Kong,"Hong Kong SAR, China",Chemistry,44,21.0,87.0,97.4,62.9,84.2,72.6
University of Chinese Academy of Sciences,China (Mainland),Chemistry,44,,,,,,
The University of Queensland,Australia,Chemistry,46,51.0,74.8,86.6,75.6,20.2,90.8
University of British Columbia,Canada,Chemistry,46,47.0,77.0,98.0,95.4,56.5,42.1
Pohang University of Science And Technology (POSTECH),Republic of Korea,Chemistry,48,71.0,67.7,47.4,69.4,100.0,98.0
The Hong Kong University of Science and Technology,"Hong Kong SAR, China",Chemistry,49,40.0,79.8,82.0,50.1,62.6,98.6
The University of New South Wales (UNSW Sydney),Australia,Chemistry,49,45.0,78.0,89.0,91.1,16.8,97.6
Sapienza University of Rome,Italy,Classics,1,171.0,46.8,78.0,36.6,4.5,50.2
Peking University,China (Mainland),Classics,2,12.0,91.3,99.3,96.5,87.3,96.7
University of St Andrews,United Kingdom,Classics,3,97.0,59.5,46.2,67.6,61.1,58.9
University of Oxford,United Kingdom,Classics,4,4.0,98.4,100.0,100.0,100.0,90.0
University of Cambridge,United Kingdom,Classics,5,2.0,98.8,100.0,100.0,100.0,92.3
Leiden University,Netherlands,Classics,6,132.0,54.1,68.1,23.4,22.2,65.8
Ruprecht-Karls-Universität Heidelberg,Germany,Classics,7,65.0,69.0,78.7,40.3,99.8,41.1
Scuola Normale Superiore di Pisa,Italy,Classics,8,,,,,,
Durham University,United Kingdom,Classics,9,92.0,60.9,57.9,89.2,31.0,65.7
Humboldt-Universität zu Berlin,Germany,Classics,10,131.0,54.1,90.1,55.6,8.7,29.5
Harvard University,United States,Classics,11,5.0,97.6,100.0,100.0,99.4,100.0
KU Leuven,Belgium,Classics,11,76.0,66.0,83.8,53.0,7.7,92.7
King's College London,United Kingdom,Classics,13,37.0,81.2,88.8,83.2,74.5,60.5
Ludwig-Maximilians-Universität München,Germany,Classics,14,59.0,70.4,92.6,75.7,56.0,45.5
Yale University,United States,Classics,15,18.0,89.0,99.9,100.0,100.0,51.5
Nanjing University,China (Mainland),Classics,16,133.0,53.9,57.7,17.7,32.3,96.1
UCL,United Kingdom,Classics,17,8.0,95.0,99.4,98.6,97.6,77.0
Princeton University,United States,Classics,18,17.0,89.2,99.9,98.9,72.6,100.0
National Taiwan University (NTU),Taiwan,Classics,19,77.0,65.7,92.3,92.6,33.4,49.7
"University of California, Berkeley (UCB)",United States,Classics,20,27.0,82.7,100.0,100.0,23.9,99.9
Kyoto University,Japan,Classics,21,36.0,81.4,98.6,98.9,94.8,54.2
Fudan University,China (Mainland),Classics,22,34.0,81.5,83.6,93.5,89.3,70.4
Université Paris 1 Panthéon-Sorbonne,France,Classics,22,,,,,,
Freie Universitaet Berlin,Germany,Classics,24,118.0,55.8,80.7,44.9,4.0,63.5
Alma Mater Studiorum - University of Bologna,Italy,Classics,25,167.0,47.5,78.5,43.1,3.5,49.7
University of Geneva,Switzerland,Classics,25,127.0,54.5,46.5,20.0,44.8,74.0
Université catholique de Louvain (UCLouvain),Belgium,Classics,27,196.0,44.2,49.7,43.0,5.4,61.7
The University of Edinburgh,United Kingdom,Classics,28,15.0,89.5,98.0,97.2,81.1,70.1
University of Pisa,Italy,Classics,29,404.0,28.2,40.6,14.7,7.0,41.7
Beijing Normal University,China (Mainland),Classics,30,,,,,,
National Chung Cheng University,Taiwan,Classics,31,869.0,,12.5,19.6,21.5,5.7
National Chengchi University,Taiwan,Classics,32,623.0,,18.4,39.2,24.9,2.7
The University of Sydney,Australia,Classics,33,41.0,79.6,96.2,91.7,15.6,92.1
Sorbonne University,France,Classics,34,60.0,70.1,90.0,41.7,40.6,86.3
University of Cologne,Germany,Classics,35,335.0,31.9,36.7,31.0,24.8,25.6
University of Vienna,Austria,Classics,36,151.0,50.6,69.4,55.3,24.2,14.1
Sungkyunkwan University (SKKU),Republic of Korea,Classics,37,,,,,,
Università Cattolica del Sacro Cuore,Italy,Classics,37,519.0,,22.4,31.6,47.6,6.7
Ca' Foscari University of Venice,Italy,Classics,39,,,,,,
The Chinese University of Hong Kong (CUHK),"Hong Kong SAR, China",Classics,40,38.0,80.6,87.3,49.6,60.9,92.9
The University of Tokyo,Japan,Classics,41,23.0,85.3,100.0,99.7,91.9,73.3
Stanford University,United States,Classics,42,3.0,98.5,100.0,100.0,100.0,99.9
University of Toronto,Canada,Classics,42,35.0,81.5,99.6,98.3,65.6,43.5
Ghent University,Belgium,Classics,44,143.0,51.6,54.0,30.1,83.2,26.9
Ritsumeikan University,Japan,Classics,45,721.0,,13.3,68.6,9.3,3.6
The University of Exeter,United Kingdom,Classics,45,163.0,48.2,41.1,56.1,31.5,55.3
Columbia University,United States,Classics,47,22.0,86.7,99.7,98.1,100.0,47.2
"University of Rome ""Tor Vergata""",Italy,Classics,48,500.0,24.2,31.6,12.6,6.8,34.3
Brown University,United States,Classics,49,63.0,69.6,57.6,54.2,80.8,89.9
University of Chicago,United States,Classics,49,10.0,93.2,99.2,92.2,92.9,86.8
University of Amsterdam,Netherlands,Communication,1,58.0,71.1,82.7,42.3,26.7,97.3
Harvard University,United States,Communication,2,5.0,97.6,100.0,100.0,99.4,100.0
University of Texas at Austin,United States,Communication,3,72.0,67.4,93.7,85.2,9.8,90.9
"Nanyang Technological University, Singapore (NTU)",Singapore,Communication,4,19.0,88.4,90.4,76.1,83.2,94.1
Stanford University,United States,Communication,5,3.0,98.5,100.0,100.0,100.0,99.9
The London School of Economics and Political Science (LSE),United Kingdom,Communication,6,56.0,72.3,69.0,98.3,37.8,84.6
University of Southern California,United States,Communication,7,134.0,53.7,54.6,59.1,28.4,71.7
University of Pennsylvania,United States,Communication,8,13.0,90.6,96.5,92.5,99.9,70.9
Columbia University,United States,Communication,9,22.0,86.7,99.7,98.1,100.0,47.2
University of Cambridge,United Kingdom,Communication,10,2.0,98.8,100.0,100.0,100.0,92.3
"University of California, Berkeley (UCB)",United States,Communication,11,27.0,82.7,100.0,100.0,23.9,99.9
The Chinese University of Hong Kong (CUHK),"Hong Kong SAR, China",Communication,12,38.0,80.6,87.3,49.6,60.9,92.9
New York University (NYU),United States,Communication,13,39.0,80.3,95.9,99.0,98.1,28.9
National University of Singapore (NUS),Singapore,Communication,14,11.0,92.7,99.5,94.1,79.8,91.8
University of Vienna,Austria,Communication,15,151.0,50.6,69.4,55.3,24.2,14.1
Michigan State University,United States,Communication,16,159.0,48.9,60.5,61.4,12.9,58.9
University of Wisconsin-Madison,United States,Communication,17,83.0,63.7,82.4,48.1,70.6,41.9
King's College London,United Kingdom,Communication,18,37.0,81.2,88.8,83.2,74.5,60.5
University of Michigan-Ann Arbor,United States,Communication,18,25.0,84.4,98.5,91.3,88.9,62.5
Cornell University,United States,Communication,20,20.0,87.2,98.3,91.4,62.2,99.3
"University of California, Los Angeles (UCLA)",United States,Communication,21,44.0,78.7,100.0,99.9,37.7,85.9
"Goldsmiths, University of London",United Kingdom,Communication,22,516.0,,16.2,7.5,18.3,17.4
Northwestern University,United States,Communication,23,32.0,81.8,84.4,71.9,98.3,84.2
Ludwig-Maximilians-Universität München,Germany,Communication,24,59.0,70.4,92.6,75.7,56.0,45.5
Massachusetts Institute of Technology (MIT),United States,Communication,25,,,,,,
Seoul National University,Republic of Korea,Communication,25,29.0,82.2,98.6,97.8,87.0,70.3
Yale University,United States,Communication,27,18.0,89.0,99.9,100.0,100.0,51.5
The University of Sydney,Australia,Communication,28,41.0,79.6,96.2,91.7,15.6,92.1
University of Toronto,Canada,Communication,29,35.0,81.5,99.6,98.3,65.6,43.5
Freie Universitaet Berlin,Germany,Communication,30,118.0,55.8,80.7,44.9,4.0,63.5
The Ohio State University,United States,Communication,30,140.0,52.0,61.1,62.2,51.1,34.6
University of Zurich,Switzerland,Communication,32,84.0,63.7,58.0,39.2,93.3,49.3
Queensland University of Technology (QUT),Australia,Communication,33,222.0,41.5,39.5,40.0,7.7,65.1
University of Leeds,United Kingdom,Communication,33,86.0,62.8,70.2,78.4,41.6,47.8
Peking University,China (Mainland),Communication,35,12.0,91.3,99.3,96.5,87.3,96.7
Yonsei University,Republic of Korea,Communication,35,73.0,67.0,75.5,95.5,88.6,28.4
Pennsylvania State University,United States,Communication,37,93.0,60.8,76.7,69.8,32.6,67.7
UCL,United Kingdom,Communication,37,8.0,95.0,99.4,98.6,97.6,77.0
The University of Melbourne,Australia,Communication,39,33.0,81.6,98.6,94.9,17.9,95.0
The University of Edinburgh,United Kingdom,Communication,40,15.0,89.5,98.0,97.2,81.1,70.1
Tsinghua University,China (Mainland),Communication,40,14.0,90.1,98.9,97.7,92.8,98.1
University of Illinois at Urbana-Champaign,United States,Communication,42,85.0,63.6,85.6,60.9,9.5,88.7
Pontificia Universidad Católica de Chile (UC),Chile,Communication,43,121.0,54.9,91.8,98.1,22.3,12.5
University of British Columbia,Canada,Communication,44,47.0,77.0,98.0,95.4,56.5,42.1
University of Chicago,United States,Communication,45,10.0,93.2,99.2,92.2,92.9,86.8
The University of Hong Kong,"Hong Kong SAR, China",Communication,46,21.0,87.0,97.4,62.9,84.2,72.6
"University of California, Santa Barbara (UCSB)",United States,Communication,46,149.0,50.9,55.9,24.0,10.6,97.2
City University of Hong Kong,"Hong Kong SAR, China",Communication,48,54.0,73.6,57.3,29.4,88.6,98.1
"University of Missouri, Columbia",United States,Communication,48,522.0,,15.4,15.2,43.5,20.1
Cardiff University,United Kingdom,Communication,50,166.0,47.8,46.0,47.7,40.3,41.8
University of Copenhagen,Denmark,Communication,50,82.0,64.1,72.8,36.6,100.0,26.0
Massachusetts Institute of Technology (MIT),United States,Computer Science,1,,,,,,
Stanford University,United States,Computer Science,2,3.0,98.5,100.0,100.0,100.0,99.9
Carnegie Mellon University,United States,Computer Science,3,52.0,74.6,72.1,69.0,58.6,100.0
National University of Singapore (NUS),Singapore,Computer Science,4,11.0,92.7,99.5,94.1,79.8,91.8
University of Oxford,United Kingdom,Computer Science,5,4.0,98.4,100.0,100.0,100.0,90.0
"Nanyang Technological University, Singapore (NTU)",Singapore,Computer Science,6,19.0,88.4,90.4,76.1,83.2,94.1
Harvard University,United States,Computer Science,7,5.0,97.6,100.0,100.0,99.4,100.0
"University of California, Berkeley (UCB)",United States,Computer Science,8,27.0,82.7,100.0,100.0,23.9,99.9
University of Cambridge,United Kingdom,Computer Science,9,2.0,98.8,100.0,100.0,100.0,92.3
ETH Zurich - Swiss Federal Institute of Technology,Switzerland,Computer Science,10,9.0,93.6,98.6,91.3,74.2,99.2
Tsinghua University,China (Mainland),Computer Science,11,14.0,90.1,98.9,97.7,92.8,98.1
University of Toronto,Canada,Computer Science,12,35.0,81.5,99.6,98.3,65.6,43.5
Princeton University,United States,Computer Science,13,17.0,89.2,99.9,98.9,72.6,100.0
Peking University,China (Mainland),Computer Science,14,12.0,91.3,99.3,96.5,87.3,96.7
EPFL,Switzerland,Computer Science,15,16.0,89.2,83.7,71.8,91.1,99.4
"University of California, Los Angeles (UCLA)",United States,Computer Science,16,44.0,78.7,100.0,99.9,37.7,85.9
New York University (NYU),United States,Computer Science,17,39.0,80.3,95.9,99.0,98.1,28.9
Cornell University,United States,Computer Science,18,20.0,87.2,98.3,91.4,62.2,99.3
University of Washington,United States,Computer Science,19,80.0,64.7,84.8,48.6,10.8,100.0
Shanghai Jiao Tong University,China (Mainland),Computer Science,20,46.0,77.4,82.7,90.2,57.7,97.1
The University of Hong Kong,"Hong Kong SAR, China",Computer Science,21,21.0,87.0,97.4,62.9,84.2,72.6
Imperial College London,United Kingdom,Computer Science,22,7.0,97.0,98.3,99.7,99.5,86.5
The University of Edinburgh,United Kingdom,Computer Science,23,15.0,89.5,98.0,97.2,81.1,70.1
The Hong Kong University of Science and Technology,"Hong Kong SAR, China",Computer Science,24,40.0,79.8,82.0,50.1,62.6,98.6
UCL,United Kingdom,Computer Science,24,8.0,95.0,99.4,98.6,97.6,77.0
Yale University,United States,Computer Science,26,18.0,89.0,99.9,100.0,100.0,51.5
Columbia University,United States,Computer Science,27,22.0,86.7,99.7,98.1,100.0,47.2
The Chinese University of Hong Kong (CUHK),"Hong Kong SAR, China",Computer Science,27,38.0,80.6,87.3,49.6,60.9,92.9
KAIST - Korea Advanced Institute of Science & Technology,Republic of Korea,Computer Science,29,42.0,79.3,88.1,85.8,68.9,97.7
The University of Tokyo,Japan,Computer Science,30,23.0,85.3,100.0,99.7,91.9,73.3
University of British Columbia,Canada,Computer Science,31,47.0,77.0,98.0,95.4,56.5,42.1
Zhejiang University,China (Mainland),Computer Science,31,43.0,79.3,72.2,95.3,78.7,88.4
University of Waterloo,Canada,Computer Science,33,154.0,50.0,40.2,77.6,7.0,82.5
University of Illinois at Urbana-Champaign,United States,Computer Science,34,85.0,63.6,85.6,60.9,9.5,88.7
Technical University of Munich,Germany,Computer Science,35,49.0,76.4,84.0,96.8,96.4,25.8
The University of Sydney,Australia,Computer Science,36,41.0,79.6,96.2,91.7,15.6,92.1
The Australian National University,Australia,Computer Science,37,30.0,82.1,93.6,70.1,38.0,99.3
"University of California, San Diego (UCSD)",United States,Computer Science,37,53.0,74.5,90.0,61.6,55.6,77.0
Fudan University,China (Mainland),Computer Science,39,34.0,81.5,83.6,93.5,89.3,70.4
Georgia Institute of Technology,United States,Computer Science,40,88.0,62.3,67.7,77.0,11.1,95.5
University of Michigan-Ann Arbor,United States,Computer Science,41,25.0,84.4,98.5,91.3,88.9,62.5
University of Pennsylvania,United States,Computer Science,41,13.0,90.6,96.5,92.5,99.9,70.9
University of Texas at Austin,United States,Computer Science,41,72.0,67.4,93.7,85.2,9.8,90.9
Seoul National University,Republic of Korea,Computer Science,44,29.0,82.2,98.6,97.8,87.0,70.3
University of Amsterdam,Netherlands,Computer Science,45,58.0,71.1,82.7,42.3,26.7,97.3
The University of Melbourne,Australia,Computer Science,46,33.0,81.6,98.6,94.9,17.9,95.0
The University of New South Wales (UNSW Sydney),Australia,Computer Science,46,45.0,78.0,89.0,91.1,16.8,97.6
McGill University,Canada,Computer Science,48,31.0,81.9,93.3,93.6,68.9,59.6
University of Southern California,United States,Computer Science,49,134.0,53.7,54.6,59.1,28.4,71.7
University of Chicago,United States,Computer Science,50,10.0,93.2,99.2,92.2,92.9,86.8
Massachusetts Institute of Technology (MIT),United States,Data Science,1,,,,,,
Carnegie Mellon University,United States,Data Science,2,52.0,74.6,72.1,69.0,58.6,100.0
University of Oxford,United Kingdom,Data Science,3,4.0,98.4,100.0,100.0,100.0,90.0
"University of California, Berkeley (UCB)",United States,Data Science,4,27.0,82.7,100.0,100.0,23.9,99.9
"Nanyang Technological University, Singapore (NTU)",Singapore,Data Science,5,19.0,88.4,90.4,76.1,83.2,94.1
Harvard University,United States,Data Science,6,5.0,97.6,100.0,100.0,99.4,100.0
National University of Singapore (NUS),Singapore,Data Science,7,11.0,92.7,99.5,94.1,79.8,91.8
ETH Zurich - Swiss Federal Institute of Technology,Switzerland,Data Science,8,9.0,93.6,98.6,91.3,74.2,99.2
Yale University,United States,Data Science,9,18.0,89.0,99.9,100.0,100.0,51.5
University of Toronto,Canada,Data Science,10,35.0,81.5,99.6,98.3,65.6,43.5
EPFL,Switzerland,Data Science,11,16.0,89.2,83.7,71.8,91.1,99.4
Imperial College London,United Kingdom,Data Science,12,7.0,97.0,98.3,99.7,99.5,86.5
New York University (NYU),United States,Data Science,13,39.0,80.3,95.9,99.0,98.1,28.9
University of Washington,United States,Data Science,13,80.0,64.7,84.8,48.6,10.8,100.0
Cornell University,United States,Data Science,15,20.0,87.2,98.3,91.4,62.2,99.3
Georgia Institute of Technology,United States,Data Science,15,88.0,62.3,67.7,77.0,11.1,95.5
The Hong Kong University of Science and Technology,"Hong Kong SAR, China",Data Science,17,40.0,79.8,82.0,50.1,62.6,98.6
The University of Hong Kong,"Hong Kong SAR, China",Data Science,18,21.0,87.0,97.4,62.9,84.2,72.6
The Chinese University of Hong Kong (CUHK),"Hong Kong SAR, China",Data Science,19,38.0,80.6,87.3,49.6,60.9,92.9
Technical University of Munich,Germany,Data Science,20,49.0,76.4,84.0,96.8,96.4,25.8
UCL,United Kingdom,Data Science,21,8.0,95.0,99.4,98.6,97.6,77.0
University of Illinois at Urbana-Champaign,United States,Data Science,21,85.0,63.6,85.6,60.9,9.5,88.7
University of British Columbia,Canada,Data Science,23,47.0,77.0,98.0,95.4,56.5,42.1
The University of Edinburgh,United Kingdom,Data Science,24,15.0,89.5,98.0,97.2,81.1,70.1
Seoul National University,Republic of Korea,Data Science,25,29.0,82.2,98.6,97.8,87.0,70.3
Politecnico di Milano,Italy,Data Science,26,139.0,52.4,67.8,76.8,5.4,53.5
University of Pennsylvania,United States,Data Science,27,13.0,90.6,96.5,92.5,99.9,70.9
"University of California, San Diego (UCSD)",United States,Data Science,28,53.0,74.5,90.0,61.6,55.6,77.0
University of Chicago,United States,Data Science,28,10.0,93.2,99.2,92.2,92.9,86.8
McGill University,Canada,Data Science,30,31.0,81.9,93.3,93.6,68.9,59.6
Delft University of Technology,Netherlands,Data Science,31,61.0,70.0,71.6,80.2,34.5,84.4
University of Michigan-Ann Arbor,United States,Data Science,32,25.0,84.4,98.5,91.3,88.9,62.5
The University of Melbourne,Australia,Data Science,33,33.0,81.6,98.6,94.9,17.9,95.0
California Institute of Technology (Caltech),United States,Data Science,34,6.0,97.0,96.5,87.1,100.0,100.0
University of Waterloo,Canada,Data Science,34,154.0,50.0,40.2,77.6,7.0,82.5
University of Technology Sydney,Australia,Data Science,36,137.0,53.2,41.8,66.1,9.6,90.4
Université de Montréal,Canada,Data Science,37,,,,,,
Johns Hopkins University,United States,Data Science,38,24.0,85.1,87.9,47.2,100.0,87.3
National Taiwan University (NTU),Taiwan,Data Science,39,77.0,65.7,92.3,92.6,33.4,49.7
Monash University,Australia,Data Science,40,57.0,71.6,87.6,80.8,11.2,79.3
The Hong Kong Polytechnic University,"Hong Kong SAR, China",Data Science,40,66.0,69.0,66.1,37.0,78.4,68.9
Korea University,Republic of Korea,Data Science,42,74.0,66.9,79.3,93.9,86.1,29.5
Pohang University of Science And Technology (POSTECH),Republic of Korea,Data Science,43,71.0,67.7,47.4,69.4,100.0,98.0
Shanghai Jiao Tong University,China (Mainland),Data Science,44,46.0,77.4,82.7,90.2,57.7,97.1
City University of Hong Kong,"Hong Kong SAR, China",Data Science,45,54.0,73.6,57.3,29.4,88.6,98.1
King's College London,United Kingdom,Data Science,46,37.0,81.2,88.8,83.2,74.5,60.5
Harbin Institute of Technology,China (Mainland),Data Science,47,217.0,42.0,26.6,8.9,50.5,96.5
Universiti Malaya (UM),Malaysia,Data Science,47,70.0,67.9,79.6,94.9,67.8,39.4
Fudan University,China (Mainland),Data Science,49,34.0,81.5,83.6,93.5,89.3,70.4
Université PSL,France,Data Science,49,26.0,83.8,74.4,97.0,99.8,84.1
University of Michigan-Ann Arbor,United States,Dentistry,1,25.0,84.4,98.5,91.3,88.9,62.5
The University of Hong Kong,"Hong Kong SAR, China",Dentistry,2,21.0,87.0,97.4,62.9,84.2,72.6
Academic Centre for Dentistry Amsterdam (ACTA),Netherlands,Dentistry,3,,,,,,
King's College London,United Kingdom,Dentistry,4,37.0,81.2,88.8,83.2,74.5,60.5
Tokyo Medical and Dental University (TMDU),Japan,Dentistry,4,393.0,29.0,10.6,4.8,100.0,15.8
"University of California, San Francisco (UCSF)",United States,Dentistry,6,,,,,,
Karolinska Institute,Sweden,Dentistry,7,,,,,,
University of Zurich,Switzerland,Dentistry,8,84.0,63.7,58.0,39.2,93.3,49.3
University of Bern,Switzerland,Dentistry,9,120.0,55.7,30.3,35.5,64.9,98.3
Harvard University,United States,Dentistry,10,5.0,97.6,100.0,100.0,99.4,100.0
University of Gothenburg,Sweden,Dentistry,10,185.0,45.4,37.4,20.1,66.1,34.4
Sichuan University,China (Mainland),Dentistry,12,406.0,28.0,18.2,4.0,14.6,83.5
Universidade de São Paulo,Brazil,Dentistry,13,115.0,56.1,91.8,69.9,17.4,40.6
Complutense University of Madrid,Spain,Dentistry,14,226.0,41.2,69.2,57.4,22.3,10.2
Queen Mary University of London,United Kingdom,Dentistry,15,126.0,54.5,48.9,36.2,42.8,62.6
University of Pennsylvania,United States,Dentistry,16,13.0,90.6,96.5,92.5,99.9,70.9
"University of California, Los Angeles (UCLA)",United States,Dentistry,17,44.0,78.7,100.0,99.9,37.7,85.9
Imam Abdulrahman Bin Faisal University (IAU) (formerly UNIVERSITY OF DAMMAM),Saudi Arabia,Dentistry,18,477.0,24.9,5.8,3.7,81.8,2.0
University of Washington,United States,Dentistry,19,80.0,64.7,84.8,48.6,10.8,100.0
KU Leuven,Belgium,Dentistry,20,76.0,66.0,83.8,53.0,7.7,92.7
"University of North Carolina, Chapel Hill",United States,Dentistry,21,103.0,58.2,65.5,44.7,80.4,46.6
Tufts University,United States,Dentistry,22,314.0,34.1,18.3,7.2,65.7,48.2
New York University (NYU),United States,Dentistry,23,39.0,80.3,95.9,99.0,98.1,28.9
University of Birmingham,United Kingdom,Dentistry,23,91.0,61.1,66.0,74.7,44.1,45.9
Wuhan University,China (Mainland),Dentistry,25,194.0,44.3,38.8,56.6,13.8,88.1
Saveetha Institute of Medical and Technical Sciences (deemed to be university),India,Dentistry,26,,,,,,
Universidade Estadual de Campinas (Unicamp),Brazil,Dentistry,26,210.0,42.5,68.7,32.7,11.6,43.2
Malmo University,Sweden,Dentistry,28,,,,,,
Universidad de Chile,Chile,Dentistry,28,168.0,47.5,80.0,92.0,12.5,13.9
University of Geneva,Switzerland,Dentistry,30,127.0,54.5,46.5,20.0,44.8,74.0
Yonsei University,Republic of Korea,Dentistry,31,73.0,67.0,75.5,95.5,88.6,28.4
National University of Singapore (NUS),Singapore,Dentistry,32,11.0,92.7,99.5,94.1,79.8,91.8
UCL,United Kingdom,Dentistry,32,8.0,95.0,99.4,98.6,97.6,77.0
Cardiff University,United Kingdom,Dentistry,34,166.0,47.8,46.0,47.7,40.3,41.8
The University of Melbourne,Australia,Dentistry,34,33.0,81.6,98.6,94.9,17.9,95.0
The University of Queensland,Australia,Dentistry,36,51.0,74.8,86.6,75.6,20.2,90.8
Columbia University,United States,Dentistry,37,22.0,86.7,99.7,98.1,100.0,47.2
University of Iowa,United States,Dentistry,38,470.0,25.3,20.7,13.3,48.2,24.4
Peking University,China (Mainland),Dentistry,39,12.0,91.3,99.3,96.5,87.3,96.7
UNESP,Brazil,Dentistry,39,480.0,24.9,37.0,23.5,19.1,16.8
University at Buffalo SUNY,United States,Dentistry,39,427.0,27.2,17.7,10.6,7.2,57.9
The Ohio State University,United States,Dentistry,42,140.0,52.0,61.1,62.2,51.1,34.6
Sun Yat-sen University,China (Mainland),Dentistry,43,269.0,37.3,34.4,32.5,52.6,46.0
University of Otago,New Zealand,Dentistry,44,218.0,42.0,47.1,34.3,12.5,51.4
Boston University,United States,Dentistry,45,108.0,57.2,62.3,57.2,40.4,61.6
Seoul National University,Republic of Korea,Dentistry,46,29.0,82.2,98.6,97.8,87.0,70.3
University of Copenhagen,Denmark,Dentistry,46,82.0,64.1,72.8,36.6,100.0,26.0
King Saud University,Saudi Arabia,Dentistry,48,237.0,39.4,34.5,13.1,60.8,29.3
Ludwig-Maximilians-Universität München,Germany,Dentistry,48,59.0,70.4,92.6,75.7,56.0,45.5
Universitat Internacional de Catalunya (UIC),Spain,Dentistry,50,,,,,,
University of Dundee,United Kingdom,Dentistry,50,,,,,,
University of Sussex,United Kingdom,Development Studies,1,240.0,39.2,23.9,6.8,16.2,80.5
University of Oxford,United Kingdom,Development Studies,2,4.0,98.4,100.0,100.0,100.0,90.0
The London School of Economics and Political Science (LSE),United Kingdom,Development Studies,3,56.0,72.3,69.0,98.3,37.8,84.6
Harvard University,United States,Development Studies,4,5.0,97.6,100.0,100.0,99.4,100.0
SOAS University of London,United Kingdom,Development Studies,5,,,,,,
University of Cambridge,United Kingdom,Development Studies,6,2.0,98.8,100.0,100.0,100.0,92.3
"University of California, Berkeley (UCB)",United States,Development Studies,7,27.0,82.7,100.0,100.0,23.9,99.9
Stanford University,United States,Development Studies,8,3.0,98.5,100.0,100.0,100.0,99.9
Wageningen University & Research,Netherlands,Development Studies,8,124.0,54.6,42.8,17.0,97.4,48.2
The Australian National University,Australia,Development Studies,10,30.0,82.1,93.6,70.1,38.0,99.3
The University of Manchester,United Kingdom,Development Studies,11,28.0,82.3,95.1,97.7,63.1,59.0
UCL,United Kingdom,Development Studies,12,8.0,95.0,99.4,98.6,97.6,77.0
"University of California, Los Angeles (UCLA)",United States,Development Studies,13,44.0,78.7,100.0,99.9,37.7,85.9
Columbia University,United States,Development Studies,14,22.0,86.7,99.7,98.1,100.0,47.2
University of Cape Town,South Africa,Development Studies,15,238.0,39.4,43.6,50.7,15.7,44.6
University of East Anglia (UEA),United Kingdom,Development Studies,16,342.0,31.5,18.6,10.8,21.5,59.7
Duke University,United States,Development Studies,17,50.0,74.8,86.1,79.8,100.0,41.2
University of Chicago,United States,Development Studies,17,10.0,93.2,99.2,92.2,92.9,86.8
Johns Hopkins University,United States,Development Studies,19,24.0,85.1,87.9,47.2,100.0,87.3
Princeton University,United States,Development Studies,20,17.0,89.2,99.9,98.9,72.6,100.0
The University of Tokyo,Japan,Development Studies,21,23.0,85.3,100.0,99.7,91.9,73.3
University of Leeds,United Kingdom,Development Studies,22,86.0,62.8,70.2,78.4,41.6,47.8
Cornell University,United States,Development Studies,23,20.0,87.2,98.3,91.4,62.2,99.3
Pontificia Universidad Católica de Chile (UC),Chile,Development Studies,24,121.0,54.9,91.8,98.1,22.3,12.5
Université Paris 1 Panthéon-Sorbonne,France,Development Studies,25,,,,,,
Universidad Nacional Autónoma de México (UNAM),Mexico,Development Studies,26,105.0,58.0,96.0,95.1,43.2,2.9
University of British Columbia,Canada,Development Studies,27,47.0,77.0,98.0,95.4,56.5,42.1
Erasmus University Rotterdam,Netherlands,Development Studies,28,,,,,,
Fudan University,China (Mainland),Development Studies,29,34.0,81.5,83.6,93.5,89.3,70.4
Jawaharlal Nehru University,India,Development Studies,29,612.0,,28.2,9.6,16.0,19.7
King's College London,United Kingdom,Development Studies,31,37.0,81.2,88.8,83.2,74.5,60.5
Seoul National University,Republic of Korea,Development Studies,32,29.0,82.2,98.6,97.8,87.0,70.3
Leiden University,Netherlands,Development Studies,33,132.0,54.1,68.1,23.4,22.2,65.8
"University of California, Davis",United States,Development Studies,34,102.0,58.2,64.8,51.0,27.1,68.7
University of Toronto,Canada,Development Studies,35,35.0,81.5,99.6,98.3,65.6,43.5
The University of Sheffield,United Kingdom,Development Studies,36,96.0,59.5,58.7,53.5,59.4,46.9
The University of Melbourne,Australia,Development Studies,37,33.0,81.6,98.6,94.9,17.9,95.0
Universidad de Chile,Chile,Development Studies,37,168.0,47.5,80.0,92.0,12.5,13.9
Yonsei University,Republic of Korea,Development Studies,37,73.0,67.0,75.5,95.5,88.6,28.4
University of Wisconsin-Madison,United States,Development Studies,40,83.0,63.7,82.4,48.1,70.6,41.9
Boston University,United States,Development Studies,41,108.0,57.2,62.3,57.2,40.4,61.6
University of Witwatersrand,South Africa,Development Studies,41,431.0,27.1,25.1,38.9,12.3,30.5
Universidad de los Andes,Colombia,Development Studies,43,220.0,41.6,62.9,95.0,19.5,6.1
The University of Hong Kong,"Hong Kong SAR, China",Development Studies,44,21.0,87.0,97.4,62.9,84.2,72.6
The University of Queensland,Australia,Development Studies,45,51.0,74.8,86.6,75.6,20.2,90.8
Makerere University,Uganda,Development Studies,46,1246.0,,9.4,6.6,3.7,4.6
"Nanyang Technological University, Singapore (NTU)",Singapore,Development Studies,47,19.0,88.4,90.4,76.1,83.2,94.1
The University of Sydney,Australia,Development Studies,48,41.0,79.6,96.2,91.7,15.6,92.1
Zhejiang University,China (Mainland),Development Studies,49,43.0,79.3,72.2,95.3,78.7,88.4
University of Massachusetts Amherst,United States,Development Studies,50,253.0,38.3,40.7,16.8,13.7,65.3
ETH Zurich - Swiss Federal Institute of Technology,Switzerland,Earth & Marine Sciences,1,9.0,93.6,98.6,91.3,74.2,99.2
Massachusetts Institute of Technology (MIT),United States,Earth & Marine Sciences,2,,,,,,
University of Oxford,United Kingdom,Earth & Marine Sciences,3,4.0,98.4,100.0,100.0,100.0,90.0
University of Cambridge,United Kingdom,Earth & Marine Sciences,4,2.0,98.8,100.0,100.0,100.0,92.3
Harvard University,United States,Earth & Marine Sciences,5,5.0,97.6,100.0,100.0,99.4,100.0
California Institute of Technology (Caltech),United States,Earth & Marine Sciences,6,6.0,97.0,96.5,87.1,100.0,100.0
Stanford University,United States,Earth & Marine Sciences,7,3.0,98.5,100.0,100.0,100.0,99.9
"University of California, Berkeley (UCB)",United States,Earth & Marine Sciences,8,27.0,82.7,100.0,100.0,23.9,99.9
Columbia University,United States,Earth & Marine Sciences,9,22.0,86.7,99.7,98.1,100.0,47.2
University of Washington,United States,Earth & Marine Sciences,10,80.0,64.7,84.8,48.6,10.8,100.0
Tsinghua University,China (Mainland),Earth & Marine Sciences,11,14.0,90.1,98.9,97.7,92.8,98.1
Princeton University,United States,Earth & Marine Sciences,12,17.0,89.2,99.9,98.9,72.6,100.0
The University of Tokyo,Japan,Earth & Marine Sciences,12,23.0,85.3,100.0,99.7,91.9,73.3
Peking University,China (Mainland),Earth & Marine Sciences,14,12.0,91.3,99.3,96.5,87.3,96.7
Delft University of Technology,Netherlands,Earth & Marine Sciences,15,61.0,70.0,71.6,80.2,34.5,84.4
University of Colorado Boulder,United States,Earth & Marine Sciences,16,318.0,33.8,37.0,13.5,41.8,36.8
Imperial College London,United Kingdom,Earth & Marine Sciences,17,7.0,97.0,98.3,99.7,99.5,86.5
"University of California, Los Angeles (UCLA)",United States,Earth & Marine Sciences,18,44.0,78.7,100.0,99.9,37.7,85.9
University of Texas at Austin,United States,Earth & Marine Sciences,18,72.0,67.4,93.7,85.2,9.8,90.9
University of Leeds,United Kingdom,Earth & Marine Sciences,20,86.0,62.8,70.2,78.4,41.6,47.8
The Australian National University,Australia,Earth & Marine Sciences,21,30.0,82.1,93.6,70.1,38.0,99.3
"University of California, San Diego (UCSD)",United States,Earth & Marine Sciences,22,53.0,74.5,90.0,61.6,55.6,77.0
UCL,United Kingdom,Earth & Marine Sciences,23,8.0,95.0,99.4,98.6,97.6,77.0
Yale University,United States,Earth & Marine Sciences,24,18.0,89.0,99.9,100.0,100.0,51.5
University of British Columbia,Canada,Earth & Marine Sciences,25,47.0,77.0,98.0,95.4,56.5,42.1
University of Toronto,Canada,Earth & Marine Sciences,25,35.0,81.5,99.6,98.3,65.6,43.5
Utrecht University,Netherlands,Earth & Marine Sciences,27,113.0,56.3,65.8,26.6,35.1,79.6
Nanjing University,China (Mainland),Earth & Marine Sciences,28,133.0,53.9,57.7,17.7,32.3,96.1
Colorado School of Mines,United States,Earth & Marine Sciences,29,503.0,,6.9,9.2,24.9,67.7
The University of Hong Kong,"Hong Kong SAR, China",Earth & Marine Sciences,29,21.0,87.0,97.4,62.9,84.2,72.6
The University of Melbourne,Australia,Earth & Marine Sciences,29,33.0,81.6,98.6,94.9,17.9,95.0
University of Bristol,United Kingdom,Earth & Marine Sciences,32,62.0,70.0,74.4,84.1,58.3,55.3
Pennsylvania State University,United States,Earth & Marine Sciences,33,93.0,60.8,76.7,69.8,32.6,67.7
Wuhan University,China (Mainland),Earth & Marine Sciences,33,194.0,44.3,38.8,56.6,13.8,88.1
Sorbonne University,France,Earth & Marine Sciences,35,60.0,70.1,90.0,41.7,40.6,86.3
The University of Edinburgh,United Kingdom,Earth & Marine Sciences,36,15.0,89.5,98.0,97.2,81.1,70.1
The University of New South Wales (UNSW Sydney),Australia,Earth & Marine Sciences,37,45.0,78.0,89.0,91.1,16.8,97.6
Wageningen University & Research,Netherlands,Earth & Marine Sciences,37,124.0,54.6,42.8,17.0,97.4,48.2
Curtin University,Australia,Earth & Marine Sciences,39,193.0,44.4,30.5,41.2,13.9,89.4
Université Grenoble Alpes,France,Earth & Marine Sciences,40,317.0,33.8,43.3,12.5,8.3,51.1
University of Southampton,United Kingdom,Earth & Marine Sciences,40,78.0,65.0,50.7,56.6,63.3,82.7
"Nanyang Technological University, Singapore (NTU)",Singapore,Earth & Marine Sciences,42,19.0,88.4,90.4,76.1,83.2,94.1
Texas A&M University,United States,Earth & Marine Sciences,43,164.0,47.9,61.5,65.0,5.0,67.8
The University of Exeter,United Kingdom,Earth & Marine Sciences,44,163.0,48.2,41.1,56.1,31.5,55.3
The University of Queensland,Australia,Earth & Marine Sciences,44,51.0,74.8,86.6,75.6,20.2,90.8
McGill University,Canada,Earth & Marine Sciences,46,31.0,81.9,93.3,93.6,68.9,59.6
Cornell University,United States,Earth & Marine Sciences,47,20.0,87.2,98.3,91.4,62.2,99.3
University of Michigan-Ann Arbor,United States,Earth & Marine Sciences,48,25.0,84.4,98.5,91.3,88.9,62.5
"University of Maryland, College Park",United States,Earth & Marine Sciences,49,165.0,47.9,51.2,35.6,37.1,71.1
University of Reading,United Kingdom,Earth & Marine Sciences,49,229.0,40.4,33.2,29.1,20.9,55.0
Harvard University,United States,Economics & Econometrics,1,5.0,97.6,100.0,100.0,99.4,100.0
Massachusetts Institute of Technology (MIT),United States,Economics & Econometrics,2,,,,,,
Stanford University,United States,Economics & Econometrics,3,3.0,98.5,100.0,100.0,100.0,99.9
University of Chicago,United States,Economics & Econometrics,4,10.0,93.2,99.2,92.2,92.9,86.8
Princeton University,United States,Economics & Econometrics,5,17.0,89.2,99.9,98.9,72.6,100.0
"University of California, Berkeley (UCB)",United States,Economics & Econometrics,6,27.0,82.7,100.0,100.0,23.9,99.9
Yale University,United States,Economics & Econometrics,7,18.0,89.0,99.9,100.0,100.0,51.5
The London School of Economics and Political Science (LSE),United Kingdom,Economics & Econometrics,8,56.0,72.3,69.0,98.3,37.8,84.6
University of Oxford,United Kingdom,Economics & Econometrics,9,4.0,98.4,100.0,100.0,100.0,90.0
University of Cambridge,United Kingdom,Economics & Econometrics,10,2.0,98.8,100.0,100.0,100.0,92.3
Columbia University,United States,Economics & Econometrics,11,22.0,86.7,99.7,98.1,100.0,47.2
Northwestern University,United States,Economics & Econometrics,12,32.0,81.8,84.4,71.9,98.3,84.2
"University of California, Los Angeles (UCLA)",United States,Economics & Econometrics,13,44.0,78.7,100.0,99.9,37.7,85.9
University of Pennsylvania,United States,Economics & Econometrics,14,13.0,90.6,96.5,92.5,99.9,70.9
New York University (NYU),United States,Economics & Econometrics,15,39.0,80.3,95.9,99.0,98.1,28.9
National University of Singapore (NUS),Singapore,Economics & Econometrics,16,11.0,92.7,99.5,94.1,79.8,91.8
Università Commerciale Luigi Bocconi (Bocconi University),Italy,Economics & Econometrics,17,,,,,,
Tsinghua University,China (Mainland),Economics & Econometrics,18,14.0,90.1,98.9,97.7,92.8,98.1
UCL,United Kingdom,Economics & Econometrics,18,8.0,95.0,99.4,98.6,97.6,77.0
Peking University,China (Mainland),Economics & Econometrics,20,12.0,91.3,99.3,96.5,87.3,96.7
University of Toronto,Canada,Economics & Econometrics,21,35.0,81.5,99.6,98.3,65.6,43.5
University of Michigan-Ann Arbor,United States,Economics & Econometrics,22,25.0,84.4,98.5,91.3,88.9,62.5
Boston University,United States,Economics & Econometrics,23,108.0,57.2,62.3,57.2,40.4,61.6
University of British Columbia,Canada,Economics & Econometrics,23,47.0,77.0,98.0,95.4,56.5,42.1
Duke University,United States,Economics & Econometrics,25,50.0,74.8,86.1,79.8,100.0,41.2
"University of California, San Diego (UCSD)",United States,Economics & Econometrics,26,53.0,74.5,90.0,61.6,55.6,77.0
Cornell University,United States,Economics & Econometrics,27,20.0,87.2,98.3,91.4,62.2,99.3
The Hong Kong University of Science and Technology,"Hong Kong SAR, China",Economics & Econometrics,27,40.0,79.8,82.0,50.1,62.6,98.6
ETH Zurich - Swiss Federal Institute of Technology,Switzerland,Economics & Econometrics,29,9.0,93.6,98.6,91.3,74.2,99.2
The University of Tokyo,Japan,Economics & Econometrics,29,23.0,85.3,100.0,99.7,91.9,73.3
Fudan University,China (Mainland),Economics & Econometrics,31,34.0,81.5,83.6,93.5,89.3,70.4
London Business School,United Kingdom,Economics & Econometrics,32,,,,,,
The University of Hong Kong,"Hong Kong SAR, China",Economics & Econometrics,33,21.0,87.0,97.4,62.9,84.2,72.6
Universitat Pompeu Fabra (Barcelona),Spain,Economics & Econometrics,33,234.0,39.9,30.8,26.2,9.9,91.5
Imperial College London,United Kingdom,Economics & Econometrics,35,7.0,97.0,98.3,99.7,99.5,86.5
The University of Warwick,United Kingdom,Economics & Econometrics,36,64.0,69.1,71.8,89.3,43.1,63.1
The Chinese University of Hong Kong (CUHK),"Hong Kong SAR, China",Economics & Econometrics,37,38.0,80.6,87.3,49.6,60.9,92.9
Seoul National University,Republic of Korea,Economics & Econometrics,38,29.0,82.2,98.6,97.8,87.0,70.3
The Australian National University,Australia,Economics & Econometrics,39,30.0,82.1,93.6,70.1,38.0,99.3
The University of New South Wales (UNSW Sydney),Australia,Economics & Econometrics,40,45.0,78.0,89.0,91.1,16.8,97.6
Shanghai Jiao Tong University,China (Mainland),Economics & Econometrics,41,46.0,77.4,82.7,90.2,57.7,97.1
Monash University,Australia,Economics & Econometrics,42,57.0,71.6,87.6,80.8,11.2,79.3
"Nanyang Technological University, Singapore (NTU)",Singapore,Economics & Econometrics,43,19.0,88.4,90.4,76.1,83.2,94.1
Brown University,United States,Economics & Econometrics,44,63.0,69.6,57.6,54.2,80.8,89.9
The University of Melbourne,Australia,Economics & Econometrics,45,33.0,81.6,98.6,94.9,17.9,95.0
Korea University,Republic of Korea,Economics & Econometrics,46,74.0,66.9,79.3,93.9,86.1,29.5
University of Zurich,Switzerland,Economics & Econometrics,47,84.0,63.7,58.0,39.2,93.3,49.3
Zhejiang University,China (Mainland),Economics & Econometrics,47,43.0,79.3,72.2,95.3,78.7,88.4
The University of Sydney,Australia,Economics & Econometrics,49,41.0,79.6,96.2,91.7,15.6,92.1
Yonsei University,Republic of Korea,Economics & Econometrics,50,73.0,67.0,75.5,95.5,88.6,28.4
UCL Institute of Education | University College London,United Kingdom,Education,1,,,,,,
Harvard University,United States,Education,2,5.0,97.6,100.0,100.0,99.4,100.0
The University of Hong Kong,"Hong Kong SAR, China",Education,3,21.0,87.0,97.4,62.9,84.2,72.6
Stanford University,United States,Education,4,3.0,98.5,100.0,100.0,100.0,99.9
University of Cambridge,United Kingdom,Education,5,2.0,98.8,100.0,100.0,100.0,92.3
University of Oxford,United Kingdom,Education,6,4.0,98.4,100.0,100.0,100.0,90.0
Beijing Normal University,China (Mainland),Education,7,,,,,,
"Nanyang Technological University, Singapore (NTU)",Singapore,Education,8,19.0,88.4,90.4,76.1,83.2,94.1
"University of California, Berkeley (UCB)",United States,Education,9,27.0,82.7,100.0,100.0,23.9,99.9
University of Toronto,Canada,Education,10,35.0,81.5,99.6,98.3,65.6,43.5
Columbia University,United States,Education,11,22.0,86.7,99.7,98.1,100.0,47.2
The Education University of Hong Kong,"Hong Kong SAR, China",Education,12,,,,,,
"University of California, Los Angeles (UCLA)",United States,Education,13,44.0,78.7,100.0,99.9,37.7,85.9
Tsinghua University,China (Mainland),Education,14,14.0,90.1,98.9,97.7,92.8,98.1
Peking University,China (Mainland),Education,15,12.0,91.3,99.3,96.5,87.3,96.7
The University of Melbourne,Australia,Education,16,33.0,81.6,98.6,94.9,17.9,95.0
The University of Edinburgh,United Kingdom,Education,17,15.0,89.5,98.0,97.2,81.1,70.1
Michigan State University,United States,Education,18,159.0,48.9,60.5,61.4,12.9,58.9
University of Michigan-Ann Arbor,United States,Education,19,25.0,84.4,98.5,91.3,88.9,62.5
The Chinese University of Hong Kong (CUHK),"Hong Kong SAR, China",Education,20,38.0,80.6,87.3,49.6,60.9,92.9
University of Wisconsin-Madison,United States,Education,20,83.0,63.7,82.4,48.1,70.6,41.9
Johns Hopkins University,United States,Education,22,24.0,85.1,87.9,47.2,100.0,87.3
King's College London,United Kingdom,Education,22,37.0,81.2,88.8,83.2,74.5,60.5
National Taiwan Normal University,Taiwan,Education,24,332.0,32.2,32.7,18.6,68.3,6.3
University of British Columbia,Canada,Education,24,47.0,77.0,98.0,95.4,56.5,42.1
The University of Sydney,Australia,Education,26,41.0,79.6,96.2,91.7,15.6,92.1
Vanderbilt University,United States,Education,27,199.0,43.9,25.9,22.2,100.0,38.5
McGill University,Canada,Education,28,31.0,81.9,93.3,93.6,68.9,59.6
Seoul National University,Republic of Korea,Education,28,29.0,82.2,98.6,97.8,87.0,70.3
Monash University,Australia,Education,30,57.0,71.6,87.6,80.8,11.2,79.3
Pennsylvania State University,United States,Education,31,93.0,60.8,76.7,69.8,32.6,67.7
University of Illinois at Urbana-Champaign,United States,Education,32,85.0,63.6,85.6,60.9,9.5,88.7
Korea University,Republic of Korea,Education,33,74.0,66.9,79.3,93.9,86.1,29.5
The University of Auckland,New Zealand,Education,34,87.0,62.7,81.5,48.3,22.4,54.1
Zhejiang University,China (Mainland),Education,34,43.0,79.3,72.2,95.3,78.7,88.4
Pontificia Universidad Católica de Chile (UC),Chile,Education,36,121.0,54.9,91.8,98.1,22.3,12.5
University of Helsinki,Finland,Education,37,107.0,57.8,65.3,44.6,66.5,49.8
Universiti Malaya (UM),Malaysia,Education,38,70.0,67.9,79.6,94.9,67.8,39.4
The Ohio State University,United States,Education,39,140.0,52.0,61.1,62.2,51.1,34.6
University of Pennsylvania,United States,Education,39,13.0,90.6,96.5,92.5,99.9,70.9
The University of Queensland,Australia,Education,41,51.0,74.8,86.6,75.6,20.2,90.8
University of Texas at Austin,United States,Education,41,72.0,67.4,93.7,85.2,9.8,90.9
The University of Tokyo,Japan,Education,43,23.0,85.3,100.0,99.7,91.9,73.3
University of Washington,United States,Education,44,80.0,64.7,84.8,48.6,10.8,100.0
The University of Manchester,United Kingdom,Education,45,28.0,82.3,95.1,97.7,63.1,59.0
ETH Zurich - Swiss Federal Institute of Technology,Switzerland,Education,46,9.0,93.6,98.6,91.3,74.2,99.2
New York University (NYU),United States,Education,46,39.0,80.3,95.9,99.0,98.1,28.9
Princeton University,United States,Education,46,17.0,89.2,99.9,98.9,72.6,100.0
University of Bristol,United Kingdom,Education,46,62.0,70.0,74.4,84.1,58.3,55.3
Deakin University,Australia,Education,50,266.0,37.5,27.6,30.7,4.7,66.8
Massachusetts Institute of Technology (MIT),United States,Engineering - Chemical,1,,,,,,
Stanford University,United States,Engineering - Chemical,2,3.0,98.5,100.0,100.0,100.0,99.9
University of Cambridge,United Kingdom,Engineering - Chemical,3,2.0,98.8,100.0,100.0,100.0,92.3
National University of Singapore (NUS),Singapore,Engineering - Chemical,4,11.0,92.7,99.5,94.1,79.8,91.8
ETH Zurich - Swiss Federal Institute of Technology,Switzerland,Engineering - Chemical,5,9.0,93.6,98.6,91.3,74.2,99.2
"University of California, Berkeley (UCB)",United States,Engineering - Chemical,6,27.0,82.7,100.0,100.0,23.9,99.9
Tsinghua University,China (Mainland),Engineering - Chemical,7,14.0,90.1,98.9,97.7,92.8,98.1
University of Oxford,United Kingdom,Engineering - Chemical,8,4.0,98.4,100.0,100.0,100.0,90.0
Imperial College London,United Kingdom,Engineering - Chemical,9,7.0,97.0,98.3,99.7,99.5,86.5
"Nanyang Technological University, Singapore (NTU)",Singapore,Engineering - Chemical,10,19.0,88.4,90.4,76.1,83.2,94.1
Seoul National University,Republic of Korea,Engineering - Chemical,11,29.0,82.2,98.6,97.8,87.0,70.3
EPFL,Switzerland,Engineering - Chemical,12,16.0,89.2,83.7,71.8,91.1,99.4
California Institute of Technology (Caltech),United States,Engineering - Chemical,13,6.0,97.0,96.5,87.1,100.0,100.0
Princeton University,United States,Engineering - Chemical,13,17.0,89.2,99.9,98.9,72.6,100.0
Peking University,China (Mainland),Engineering - Chemical,15,12.0,91.3,99.3,96.5,87.3,96.7
The University of Manchester,United Kingdom,Engineering - Chemical,16,28.0,82.3,95.1,97.7,63.1,59.0
The University of Tokyo,Japan,Engineering - Chemical,17,23.0,85.3,100.0,99.7,91.9,73.3
Yale University,United States,Engineering - Chemical,18,18.0,89.0,99.9,100.0,100.0,51.5
Zhejiang University,China (Mainland),Engineering - Chemical,18,43.0,79.3,72.2,95.3,78.7,88.4
UCL,United Kingdom,Engineering - Chemical,20,8.0,95.0,99.4,98.6,97.6,77.0
Delft University of Technology,Netherlands,Engineering - Chemical,21,61.0,70.0,71.6,80.2,34.5,84.4
"University of California, Los Angeles (UCLA)",United States,Engineering - Chemical,22,44.0,78.7,100.0,99.9,37.7,85.9
Northwestern University,United States,Engineering - Chemical,23,32.0,81.8,84.4,71.9,98.3,84.2
University of Toronto,Canada,Engineering - Chemical,23,35.0,81.5,99.6,98.3,65.6,43.5
"KIT, Karlsruhe Institute of Technology",Germany,Engineering - Chemical,25,142.0,51.9,44.7,67.7,33.3,72.0
Technical University of Denmark,Denmark,Engineering - Chemical,25,104.0,58.0,30.9,23.4,100.0,70.8
University of Minnesota Twin Cities,United States,Engineering - Chemical,27,186.0,45.4,60.1,28.2,38.2,49.2
Georgia Institute of Technology,United States,Engineering - Chemical,28,88.0,62.3,67.7,77.0,11.1,95.5
Shanghai Jiao Tong University,China (Mainland),Engineering - Chemical,29,46.0,77.4,82.7,90.2,57.7,97.1
KAIST - Korea Advanced Institute of Science & Technology,Republic of Korea,Engineering - Chemical,30,42.0,79.3,88.1,85.8,68.9,97.7
University of Texas at Austin,United States,Engineering - Chemical,30,72.0,67.4,93.7,85.2,9.8,90.9
Fudan University,China (Mainland),Engineering - Chemical,32,34.0,81.5,83.6,93.5,89.3,70.4
KU Leuven,Belgium,Engineering - Chemical,33,76.0,66.0,83.8,53.0,7.7,92.7
University of Pennsylvania,United States,Engineering - Chemical,34,13.0,90.6,96.5,92.5,99.9,70.9
University of Wisconsin-Madison,United States,Engineering - Chemical,34,83.0,63.7,82.4,48.1,70.6,41.9
Cornell University,United States,Engineering - Chemical,36,20.0,87.2,98.3,91.4,62.2,99.3
Johns Hopkins University,United States,Engineering - Chemical,37,24.0,85.1,87.9,47.2,100.0,87.3
Kyoto University,Japan,Engineering - Chemical,38,36.0,81.4,98.6,98.9,94.8,54.2
The University of Queensland,Australia,Engineering - Chemical,39,51.0,74.8,86.6,75.6,20.2,90.8
University of Chicago,United States,Engineering - Chemical,39,10.0,93.2,99.2,92.2,92.9,86.8
Politecnico di Milano,Italy,Engineering - Chemical,41,139.0,52.4,67.8,76.8,5.4,53.5
Tianjin University,China (Mainland),Engineering - Chemical,41,308.0,34.4,18.3,4.3,31.2,92.0
Purdue University,United States,Engineering - Chemical,43,129.0,54.2,62.7,73.1,11.7,70.9
McGill University,Canada,Engineering - Chemical,44,31.0,81.9,93.3,93.6,68.9,59.6
University of Michigan-Ann Arbor,United States,Engineering - Chemical,44,25.0,84.4,98.5,91.3,88.9,62.5
Yonsei University,Republic of Korea,Engineering - Chemical,46,73.0,67.0,75.5,95.5,88.6,28.4
The University of New South Wales (UNSW Sydney),Australia,Engineering - Chemical,47,45.0,78.0,89.0,91.1,16.8,97.6
University of British Columbia,Canada,Engineering - Chemical,48,47.0,77.0,98.0,95.4,56.5,42.1
Columbia University,United States,Engineering - Chemical,49,22.0,86.7,99.7,98.1,100.0,47.2
Monash University,Australia,Engineering - Chemical,49,57.0,71.6,87.6,80.8,11.2,79.3
Massachusetts Institute of Technology (MIT),United States,Engineering - Civil,1,,,,,,
ETH Zurich - Swiss Federal Institute of Technology,Switzerland,Engineering - Civil,2,9.0,93.6,98.6,91.3,74.2,99.2
National University of Singapore (NUS),Singapore,Engineering - Civil,3,11.0,92.7,99.5,94.1,79.8,91.8
"University of California, Berkeley (UCB)",United States,Engineering - Civil,3,27.0,82.7,100.0,100.0,23.9,99.9
Tsinghua University,China (Mainland),Engineering - Civil,5,14.0,90.1,98.9,97.7,92.8,98.1
Delft University of Technology,Netherlands,Engineering - Civil,6,61.0,70.0,71.6,80.2,34.5,84.4
Stanford University,United States,Engineering - Civil,7,3.0,98.5,100.0,100.0,100.0,99.9
University of Cambridge,United Kingdom,Engineering - Civil,8,2.0,98.8,100.0,100.0,100.0,92.3
"Nanyang Technological University, Singapore (NTU)",Singapore,Engineering - Civil,9,19.0,88.4,90.4,76.1,83.2,94.1
EPFL,Switzerland,Engineering - Civil,10,16.0,89.2,83.7,71.8,91.1,99.4
Imperial College London,United Kingdom,Engineering - Civil,11,7.0,97.0,98.3,99.7,99.5,86.5
University of Oxford,United Kingdom,Engineering - Civil,12,4.0,98.4,100.0,100.0,100.0,90.0
Politecnico di Milano,Italy,Engineering - Civil,13,139.0,52.4,67.8,76.8,5.4,53.5
The University of Hong Kong,"Hong Kong SAR, China",Engineering - Civil,13,21.0,87.0,97.4,62.9,84.2,72.6
The University of Tokyo,Japan,Engineering - Civil,15,23.0,85.3,100.0,99.7,91.9,73.3
Shanghai Jiao Tong University,China (Mainland),Engineering - Civil,16,46.0,77.4,82.7,90.2,57.7,97.1
The Hong Kong Polytechnic University,"Hong Kong SAR, China",Engineering - Civil,17,66.0,69.0,66.1,37.0,78.4,68.9
University of Illinois at Urbana-Champaign,United States,Engineering - Civil,18,85.0,63.6,85.6,60.9,9.5,88.7
The Hong Kong University of Science and Technology,"Hong Kong SAR, China",Engineering - Civil,19,40.0,79.8,82.0,50.1,62.6,98.6
Tongji University,China (Mainland),Engineering - Civil,20,212.0,42.4,33.2,10.0,26.6,87.5
"University of California, Los Angeles (UCLA)",United States,Engineering - Civil,21,44.0,78.7,100.0,99.9,37.7,85.9
University of Texas at Austin,United States,Engineering - Civil,21,72.0,67.4,93.7,85.2,9.8,90.9
Zhejiang University,China (Mainland),Engineering - Civil,21,43.0,79.3,72.2,95.3,78.7,88.4
The University of New South Wales (UNSW Sydney),Australia,Engineering - Civil,24,45.0,78.0,89.0,91.1,16.8,97.6
Georgia Institute of Technology,United States,Engineering - Civil,25,88.0,62.3,67.7,77.0,11.1,95.5
University of British Columbia,Canada,Engineering - Civil,25,47.0,77.0,98.0,95.4,56.5,42.1
University of Toronto,Canada,Engineering - Civil,27,35.0,81.5,99.6,98.3,65.6,43.5
The University of Sydney,Australia,Engineering - Civil,28,41.0,79.6,96.2,91.7,15.6,92.1
Seoul National University,Republic of Korea,Engineering - Civil,29,29.0,82.2,98.6,97.8,87.0,70.3
University of Michigan-Ann Arbor,United States,Engineering - Civil,30,25.0,84.4,98.5,91.3,88.9,62.5
Purdue University,United States,Engineering - Civil,31,129.0,54.2,62.7,73.1,11.7,70.9
The University of Melbourne,Australia,Engineering - Civil,31,33.0,81.6,98.6,94.9,17.9,95.0
UCL,United Kingdom,Engineering - Civil,33,8.0,95.0,99.4,98.6,97.6,77.0
KAIST - Korea Advanced Institute of Science & Technology,Republic of Korea,Engineering - Civil,34,42.0,79.3,88.1,85.8,68.9,97.7
Technical University of Denmark,Denmark,Engineering - Civil,35,104.0,58.0,30.9,23.4,100.0,70.8
Technical University of Munich,Germany,Engineering - Civil,36,49.0,76.4,84.0,96.8,96.4,25.8
California Institute of Technology (Caltech),United States,Engineering - Civil,37,6.0,97.0,96.5,87.1,100.0,100.0
Harbin Institute of Technology,China (Mainland),Engineering - Civil,37,217.0,42.0,26.6,8.9,50.5,96.5
Kyoto University,Japan,Engineering - Civil,39,36.0,81.4,98.6,98.9,94.8,54.2
Politecnico di Torino,Italy,Engineering - Civil,39,325.0,33.1,36.6,47.3,2.5,54.0
Columbia University,United States,Engineering - Civil,41,22.0,86.7,99.7,98.1,100.0,47.2
Monash University,Australia,Engineering - Civil,42,57.0,71.6,87.6,80.8,11.2,79.3
KTH Royal Institute of Technology,Sweden,Engineering - Civil,43,,,,,,
Tokyo Institute of Technology (Tokyo Tech),Japan,Engineering - Civil,44,55.0,72.5,74.1,93.4,81.5,65.9
Texas A&M University,United States,Engineering - Civil,45,164.0,47.9,61.5,65.0,5.0,67.8
King Fahd University of Petroleum & Minerals,Saudi Arabia,Engineering - Civil,46,160.0,48.8,30.3,24.9,88.5,50.9
KU Leuven,Belgium,Engineering - Civil,46,76.0,66.0,83.8,53.0,7.7,92.7
The University of Auckland,New Zealand,Engineering - Civil,48,87.0,62.7,81.5,48.3,22.4,54.1
Yonsei University,Republic of Korea,Engineering - Civil,48,73.0,67.0,75.5,95.5,88.6,28.4
Pontificia Universidad Católica de Chile (UC),Chile,Engineering - Civil,50,121.0,54.9,91.8,98.1,22.3,12.5
Massachusetts Institute of Technology (MIT),United States,Engineering - Electrical,1,,,,,,
Stanford University,United States,Engineering - Electrical,2,3.0,98.5,100.0,100.0,100.0,99.9
"University of California, Berkeley (UCB)",United States,Engineering - Electrical,3,27.0,82.7,100.0,100.0,23.9,99.9
Harvard University,United States,Engineering - Electrical,4,5.0,97.6,100.0,100.0,99.4,100.0
"Nanyang Technological University, Singapore (NTU)",Singapore,Engineering - Electrical,4,19.0,88.4,90.4,76.1,83.2,94.1
National University of Singapore (NUS),Singapore,Engineering - Electrical,4,11.0,92.7,99.5,94.1,79.8,91.8
University of Cambridge,United Kingdom,Engineering - Electrical,4,2.0,98.8,100.0,100.0,100.0,92.3
ETH Zurich - Swiss Federal Institute of Technology,Switzerland,Engineering - Electrical,8,9.0,93.6,98.6,91.3,74.2,99.2
University of Oxford,United Kingdom,Engineering - Electrical,8,4.0,98.4,100.0,100.0,100.0,90.0
Tsinghua University,China (Mainland),Engineering - Electrical,10,14.0,90.1,98.9,97.7,92.8,98.1
EPFL,Switzerland,Engineering - Electrical,11,16.0,89.2,83.7,71.8,91.1,99.4
Imperial College London,United Kingdom,Engineering - Electrical,12,7.0,97.0,98.3,99.7,99.5,86.5
"University of California, Los Angeles (UCLA)",United States,Engineering - Electrical,13,44.0,78.7,100.0,99.9,37.7,85.9
California Institute of Technology (Caltech),United States,Engineering - Electrical,14,6.0,97.0,96.5,87.1,100.0,100.0
Georgia Institute of Technology,United States,Engineering - Electrical,14,88.0,62.3,67.7,77.0,11.1,95.5
University of Toronto,Canada,Engineering - Electrical,16,35.0,81.5,99.6,98.3,65.6,43.5
Carnegie Mellon University,United States,Engineering - Electrical,17,52.0,74.6,72.1,69.0,58.6,100.0
Delft University of Technology,Netherlands,Engineering - Electrical,18,61.0,70.0,71.6,80.2,34.5,84.4
Shanghai Jiao Tong University,China (Mainland),Engineering - Electrical,19,46.0,77.4,82.7,90.2,57.7,97.1
Peking University,China (Mainland),Engineering - Electrical,20,12.0,91.3,99.3,96.5,87.3,96.7
Princeton University,United States,Engineering - Electrical,21,17.0,89.2,99.9,98.9,72.6,100.0
KAIST - Korea Advanced Institute of Science & Technology,Republic of Korea,Engineering - Electrical,22,42.0,79.3,88.1,85.8,68.9,97.7
Politecnico di Milano,Italy,Engineering - Electrical,23,139.0,52.4,67.8,76.8,5.4,53.5
Technical University of Munich,Germany,Engineering - Electrical,23,49.0,76.4,84.0,96.8,96.4,25.8
The University of Tokyo,Japan,Engineering - Electrical,25,23.0,85.3,100.0,99.7,91.9,73.3
Zhejiang University,China (Mainland),Engineering - Electrical,25,43.0,79.3,72.2,95.3,78.7,88.4
University of Texas at Austin,United States,Engineering - Electrical,27,72.0,67.4,93.7,85.2,9.8,90.9
University of Michigan-Ann Arbor,United States,Engineering - Electrical,28,25.0,84.4,98.5,91.3,88.9,62.5
The Hong Kong University of Science and Technology,"Hong Kong SAR, China",Engineering - Electrical,29,40.0,79.8,82.0,50.1,62.6,98.6
University of Waterloo,Canada,Engineering - Electrical,30,154.0,50.0,40.2,77.6,7.0,82.5
University of Illinois at Urbana-Champaign,United States,Engineering - Electrical,31,85.0,63.6,85.6,60.9,9.5,88.7
The University of New South Wales (UNSW Sydney),Australia,Engineering - Electrical,32,45.0,78.0,89.0,91.1,16.8,97.6
KTH Royal Institute of Technology,Sweden,Engineering - Electrical,33,,,,,,
Seoul National University,Republic of Korea,Engineering - Electrical,33,29.0,82.2,98.6,97.8,87.0,70.3
The University of Manchester,United Kingdom,Engineering - Electrical,35,28.0,82.3,95.1,97.7,63.1,59.0
University of British Columbia,Canada,Engineering - Electrical,36,47.0,77.0,98.0,95.4,56.5,42.1
"University of California, San Diego (UCSD)",United States,Engineering - Electrical,37,53.0,74.5,90.0,61.6,55.6,77.0
The University of Hong Kong,"Hong Kong SAR, China",Engineering - Electrical,38,21.0,87.0,97.4,62.9,84.2,72.6
UCL,United Kingdom,Engineering - Electrical,39,8.0,95.0,99.4,98.6,97.6,77.0
KU Leuven,Belgium,Engineering - Electrical,40,76.0,66.0,83.8,53.0,7.7,92.7
Université Paris-Saclay,France,Engineering - Electrical,40,69.0,68.1,57.2,99.2,99.7,49.5
Cornell University,United States,Engineering - Electrical,42,20.0,87.2,98.3,91.4,62.2,99.3
Columbia University,United States,Engineering - Electrical,43,22.0,86.7,99.7,98.1,100.0,47.2
The University of Sydney,Australia,Engineering - Electrical,44,41.0,79.6,96.2,91.7,15.6,92.1
Yale University,United States,Engineering - Electrical,44,18.0,89.0,99.9,100.0,100.0,51.5
Politecnico di Torino,Italy,Engineering - Electrical,46,325.0,33.1,36.6,47.3,2.5,54.0
Harbin Institute of Technology,China (Mainland),Engineering - Electrical,47,217.0,42.0,26.6,8.9,50.5,96.5
Indian Institute of Technology Delhi (IITD),India,Engineering - Electrical,47,175.0,46.5,49.0,79.2,27.7,65.2
Tokyo Institute of Technology (Tokyo Tech),Japan,Engineering - Electrical,47,55.0,72.5,74.1,93.4,81.5,65.9
Fudan University,China (Mainland),Engineering - Electrical,50,34.0,81.5,83.6,93.5,89.3,70.4
Indian Institute of Technology Bombay (IITB),India,Engineering - Electrical,50,172.0,46.7,53.3,86.5,25.8,55.1
Massachusetts Institute of Technology (MIT),United States,Engineering - Mechanical,1,,,,,,
Stanford University,United States,Engineering - Mechanical,2,3.0,98.5,100.0,100.0,100.0,99.9
University of Cambridge,United Kingdom,Engineering - Mechanical,3,2.0,98.8,100.0,100.0,100.0,92.3
"Nanyang Technological University, Singapore (NTU)",Singapore,Engineering - Mechanical,4,19.0,88.4,90.4,76.1,83.2,94.1
Harvard University,United States,Engineering - Mechanical,5,5.0,97.6,100.0,100.0,99.4,100.0
ETH Zurich - Swiss Federal Institute of Technology,Switzerland,Engineering - Mechanical,6,9.0,93.6,98.6,91.3,74.2,99.2
Tsinghua University,China (Mainland),Engineering - Mechanical,7,14.0,90.1,98.9,97.7,92.8,98.1
University of Oxford,United Kingdom,Engineering - Mechanical,8,4.0,98.4,100.0,100.0,100.0,90.0
Imperial College London,United Kingdom,Engineering - Mechanical,9,7.0,97.0,98.3,99.7,99.5,86.5
National University of Singapore (NUS),Singapore,Engineering - Mechanical,9,11.0,92.7,99.5,94.1,79.8,91.8
"University of California, Berkeley (UCB)",United States,Engineering - Mechanical,11,27.0,82.7,100.0,100.0,23.9,99.9
Politecnico di Milano,Italy,Engineering - Mechanical,12,139.0,52.4,67.8,76.8,5.4,53.5
Delft University of Technology,Netherlands,Engineering - Mechanical,13,61.0,70.0,71.6,80.2,34.5,84.4
University of Michigan-Ann Arbor,United States,Engineering - Mechanical,14,25.0,84.4,98.5,91.3,88.9,62.5
Shanghai Jiao Tong University,China (Mainland),Engineering - Mechanical,15,46.0,77.4,82.7,90.2,57.7,97.1
EPFL,Switzerland,Engineering - Mechanical,16,16.0,89.2,83.7,71.8,91.1,99.4
Georgia Institute of Technology,United States,Engineering - Mechanical,17,88.0,62.3,67.7,77.0,11.1,95.5
California Institute of Technology (Caltech),United States,Engineering - Mechanical,18,6.0,97.0,96.5,87.1,100.0,100.0
Purdue University,United States,Engineering - Mechanical,19,129.0,54.2,62.7,73.1,11.7,70.9
Peking University,China (Mainland),Engineering - Mechanical,20,12.0,91.3,99.3,96.5,87.3,96.7
Seoul National University,Republic of Korea,Engineering - Mechanical,21,29.0,82.2,98.6,97.8,87.0,70.3
The University of Tokyo,Japan,Engineering - Mechanical,21,23.0,85.3,100.0,99.7,91.9,73.3
RWTH Aachen University,Germany,Engineering - Mechanical,23,147.0,51.1,49.5,88.7,5.4,73.3
"University of California, Los Angeles (UCLA)",United States,Engineering - Mechanical,24,44.0,78.7,100.0,99.9,37.7,85.9
KTH Royal Institute of Technology,Sweden,Engineering - Mechanical,25,,,,,,
Technical University of Munich,Germany,Engineering - Mechanical,25,49.0,76.4,84.0,96.8,96.4,25.8
KAIST - Korea Advanced Institute of Science & Technology,Republic of Korea,Engineering - Mechanical,27,42.0,79.3,88.1,85.8,68.9,97.7
Zhejiang University,China (Mainland),Engineering - Mechanical,28,43.0,79.3,72.2,95.3,78.7,88.4
The University of Manchester,United Kingdom,Engineering - Mechanical,29,28.0,82.3,95.1,97.7,63.1,59.0
Politecnico di Torino,Italy,Engineering - Mechanical,30,325.0,33.1,36.6,47.3,2.5,54.0
KU Leuven,Belgium,Engineering - Mechanical,31,76.0,66.0,83.8,53.0,7.7,92.7
Technical University of Denmark,Denmark,Engineering - Mechanical,32,104.0,58.0,30.9,23.4,100.0,70.8
Cranfield University,United Kingdom,Engineering - Mechanical,33,,,,,,
University of Texas at Austin,United States,Engineering - Mechanical,33,72.0,67.4,93.7,85.2,9.8,90.9
University of Illinois at Urbana-Champaign,United States,Engineering - Mechanical,35,85.0,63.6,85.6,60.9,9.5,88.7
Harbin Institute of Technology,China (Mainland),Engineering - Mechanical,36,217.0,42.0,26.6,8.9,50.5,96.5
Xi’an Jiaotong University,China (Mainland),Engineering - Mechanical,37,303.0,35.1,21.8,50.7,22.2,80.7
University of Toronto,Canada,Engineering - Mechanical,38,35.0,81.5,99.6,98.3,65.6,43.5
Northwestern University,United States,Engineering - Mechanical,39,32.0,81.8,84.4,71.9,98.3,84.2
Pohang University of Science And Technology (POSTECH),Republic of Korea,Engineering - Mechanical,39,71.0,67.7,47.4,69.4,100.0,98.0
Texas A&M University,United States,Engineering - Mechanical,39,164.0,47.9,61.5,65.0,5.0,67.8
The Hong Kong University of Science and Technology,"Hong Kong SAR, China",Engineering - Mechanical,42,40.0,79.8,82.0,50.1,62.6,98.6
Pennsylvania State University,United States,Engineering - Mechanical,43,93.0,60.8,76.7,69.8,32.6,67.7
Princeton University,United States,Engineering - Mechanical,44,17.0,89.2,99.9,98.9,72.6,100.0
"KIT, Karlsruhe Institute of Technology",Germany,Engineering - Mechanical,45,142.0,51.9,44.7,67.7,33.3,72.0
The University of New South Wales (UNSW Sydney),Australia,Engineering - Mechanical,46,45.0,78.0,89.0,91.1,16.8,97.6
Yonsei University,Republic of Korea,Engineering - Mechanical,46,73.0,67.0,75.5,95.5,88.6,28.4
University of Science and Technology of China,China (Mainland),Engineering - Mechanical,48,94.0,60.7,51.6,12.4,86.6,99.9
McGill University,Canada,Engineering - Mechanical,49,31.0,81.9,93.3,93.6,68.9,59.6
The Hong Kong Polytechnic University,"Hong Kong SAR, China",Engineering - Mechanical,49,66.0,69.0,66.1,37.0,78.4,68.9
The University of Hong Kong,"Hong Kong SAR, China",Engineering - Mechanical,49,21.0,87.0,97.4,62.9,84.2,72.6
Colorado School of Mines,United States,Engineering - Mineral,1,503.0,,6.9,9.2,24.9,67.7
The University of New South Wales (UNSW Sydney),Australia,Engineering - Mineral,2,45.0,78.0,89.0,91.1,16.8,97.6
McGill University,Canada,Engineering - Mineral,3,31.0,81.9,93.3,93.6,68.9,59.6
Saint-Petersburg Mining University,Russian Federation,Engineering - Mineral,4,897.0,,2.8,3.4,46.5,2.0
Curtin University,Australia,Engineering - Mineral,5,193.0,44.4,30.5,41.2,13.9,89.4
The University of Queensland,Australia,Engineering - Mineral,6,51.0,74.8,86.6,75.6,20.2,90.8
King Fahd University of Petroleum & Minerals,Saudi Arabia,Engineering - Mineral,7,160.0,48.8,30.3,24.9,88.5,50.9
Imperial College London,United Kingdom,Engineering - Mineral,8,7.0,97.0,98.3,99.7,99.5,86.5
University of British Columbia,Canada,Engineering - Mineral,9,47.0,77.0,98.0,95.4,56.5,42.1
Pennsylvania State University,United States,Engineering - Mineral,10,93.0,60.8,76.7,69.8,32.6,67.7
University of Witwatersrand,South Africa,Engineering - Mineral,11,431.0,27.1,25.1,38.9,12.3,30.5
University of Toronto,Canada,Engineering - Mineral,12,35.0,81.5,99.6,98.3,65.6,43.5
The University of Western Australia,Australia,Engineering - Mineral,13,90.0,61.7,55.6,49.9,21.8,98.9
China University of Mining and Technology,China (Mainland),Engineering - Mineral,14,822.0,,3.0,1.7,6.4,50.2
Monash University,Australia,Engineering - Mineral,15,57.0,71.6,87.6,80.8,11.2,79.3
University of Alberta,Canada,Engineering - Mineral,16,110.0,56.9,55.1,48.9,51.5,53.9
Delft University of Technology,Netherlands,Engineering - Mineral,17,61.0,70.0,71.6,80.2,34.5,84.4
Universidad de Chile,Chile,Engineering - Mineral,17,168.0,47.5,80.0,92.0,12.5,13.9
Camborne School of Mines | University of Exeter,United Kingdom,Engineering - Mineral,19,,,,,,
"Indian School of Mines (ISM) University, Dhanbad",India,Engineering - Mineral,20,,,,,,
RWTH Aachen University,Germany,Engineering - Mineral,21,147.0,51.1,49.5,88.7,5.4,73.3
The University of Hong Kong,"Hong Kong SAR, China",Engineering - Mineral,21,21.0,87.0,97.4,62.9,84.2,72.6
The University of Sydney,Australia,Engineering - Mineral,23,41.0,79.6,96.2,91.7,15.6,92.1
Queen's University at Kingston,Canada,Engineering - Mineral,24,246.0,38.8,38.6,69.0,6.1,49.6
The University of Melbourne,Australia,Engineering - Mineral,25,33.0,81.6,98.6,94.9,17.9,95.0
Virginia Polytechnic Institute and State University,United States,Engineering - Mineral,25,367.0,30.2,28.5,25.6,20.0,38.5
Technische Universität Bergakademie Freiberg,Germany,Engineering - Mineral,27,,,,,,
New Mexico Institute of Mining and Technology,United States,Engineering - Mineral,28,,,,,,
The University of Adelaide,Australia,Engineering - Mineral,28,109.0,57.0,52.3,35.2,17.2,94.5
Pontificia Universidad Católica de Chile (UC),Chile,Engineering - Mineral,30,121.0,54.9,91.8,98.1,22.3,12.5
Université PSL,France,Engineering - Mineral,31,26.0,83.8,74.4,97.0,99.8,84.1
The University of Arizona,United States,Engineering - Mineral,32,263.0,37.8,39.6,22.4,67.6,21.5
Universidade de São Paulo,Brazil,Engineering - Mineral,33,115.0,56.1,91.8,69.9,17.4,40.6
Kyoto University,Japan,Engineering - Mineral,34,36.0,81.4,98.6,98.9,94.8,54.2
University of Nevada - Reno,United States,Engineering - Mineral,34,,,,,,
Universidad Nacional de Colombia,Colombia,Engineering - Mineral,36,243.0,38.9,67.5,93.4,6.1,3.6
Wuhan University,China (Mainland),Engineering - Mineral,37,194.0,44.3,38.8,56.6,13.8,88.1
Lomonosov Moscow State University,Russian Federation,Engineering - Mineral,38,75.0,66.8,80.5,77.0,99.8,5.3
University of Leeds,United Kingdom,Engineering - Mineral,38,86.0,62.8,70.2,78.4,41.6,47.8
Indian Institute of Technology Bombay (IITB),India,Engineering - Mineral,40,172.0,46.7,53.3,86.5,25.8,55.1
Kyushu University,Japan,Engineering - Mineral,41,135.0,53.5,56.6,65.0,84.9,26.8
University of Pretoria,South Africa,Engineering - Mineral,41,600.0,,23.4,47.7,3.4,21.1
University of Utah,United States,Engineering - Mineral,43,395.0,29.0,16.5,7.6,62.5,38.0
Istanbul Technical University,Türkiye,Engineering - Mineral,44,610.0,,21.9,49.1,15.0,10.9
Indian Institute of Technology Kharagpur (IIT-KGP),India,Engineering - Mineral,45,270.0,37.2,30.2,48.3,13.0,86.4
Western University,Canada,Engineering - Mineral,45,173.0,46.7,30.6,60.5,4.6,96.9
University of Colorado Boulder,United States,Engineering - Mineral,47,318.0,33.8,37.0,13.5,41.8,36.8
Hanyang University,Republic of Korea,Engineering - Mineral,48,157.0,49.4,45.0,79.1,83.2,17.6
Lulea University,Sweden,Engineering - Mineral,48,,,,,,
The National University of Science and Technology MISIS,Russian Federation,Engineering - Mineral,48,467.0,25.3,8.2,9.9,74.2,13.7
University of Illinois at Urbana-Champaign,United States,Engineering - Mineral,48,85.0,63.6,85.6,60.9,9.5,88.7
University of Cambridge,United Kingdom,English Language,1,2.0,98.8,100.0,100.0,100.0,92.3
University of Oxford,United Kingdom,English Language,1,4.0,98.4,100.0,100.0,100.0,90.0
Harvard University,United States,English Language,3,5.0,97.6,100.0,100.0,99.4,100.0
"University of California, Berkeley (UCB)",United States,English Language,4,27.0,82.7,100.0,100.0,23.9,99.9
Yale University,United States,English Language,5,18.0,89.0,99.9,100.0,100.0,51.5
Stanford University,United States,English Language,6,3.0,98.5,100.0,100.0,100.0,99.9
The University of Edinburgh,United Kingdom,English Language,7,15.0,89.5,98.0,97.2,81.1,70.1
"University of California, Los Angeles (UCLA)",United States,English Language,8,44.0,78.7,100.0,99.9,37.7,85.9
Columbia University,United States,English Language,9,22.0,86.7,99.7,98.1,100.0,47.2
Princeton University,United States,English Language,10,17.0,89.2,99.9,98.9,72.6,100.0
University of Chicago,United States,English Language,11,10.0,93.2,99.2,92.2,92.9,86.8
UCL,United Kingdom,English Language,12,8.0,95.0,99.4,98.6,97.6,77.0
University of Toronto,Canada,English Language,13,35.0,81.5,99.6,98.3,65.6,43.5
New York University (NYU),United States,English Language,14,39.0,80.3,95.9,99.0,98.1,28.9
National University of Singapore (NUS),Singapore,English Language,15,11.0,92.7,99.5,94.1,79.8,91.8
King's College London,United Kingdom,English Language,16,37.0,81.2,88.8,83.2,74.5,60.5
The University of Hong Kong,"Hong Kong SAR, China",English Language,17,21.0,87.0,97.4,62.9,84.2,72.6
The University of Manchester,United Kingdom,English Language,18,28.0,82.3,95.1,97.7,63.1,59.0
Cornell University,United States,English Language,19,20.0,87.2,98.3,91.4,62.2,99.3
Massachusetts Institute of Technology (MIT),United States,English Language,19,,,,,,
The University of Melbourne,Australia,English Language,21,33.0,81.6,98.6,94.9,17.9,95.0
Duke University,United States,English Language,22,50.0,74.8,86.1,79.8,100.0,41.2
University of British Columbia,Canada,English Language,23,47.0,77.0,98.0,95.4,56.5,42.1
Peking University,China (Mainland),English Language,24,12.0,91.3,99.3,96.5,87.3,96.7
University of Pennsylvania,United States,English Language,25,13.0,90.6,96.5,92.5,99.9,70.9
The University of Sydney,Australia,English Language,26,41.0,79.6,96.2,91.7,15.6,92.1
"Trinity College Dublin, The University of Dublin",Ireland,English Language,27,98.0,59.1,67.9,48.2,25.7,60.2
University of Michigan-Ann Arbor,United States,English Language,28,25.0,84.4,98.5,91.3,88.9,62.5
University of Birmingham,United Kingdom,English Language,29,91.0,61.1,66.0,74.7,44.1,45.9
"Nanyang Technological University, Singapore (NTU)",Singapore,English Language,30,19.0,88.4,90.4,76.1,83.2,94.1
The University of Tokyo,Japan,English Language,31,23.0,85.3,100.0,99.7,91.9,73.3
University of York,United Kingdom,English Language,32,162.0,48.4,43.3,36.1,45.0,48.6
Durham University,United Kingdom,English Language,33,92.0,60.9,57.9,89.2,31.0,65.7
The University of Warwick,United Kingdom,English Language,34,64.0,69.1,71.8,89.3,43.1,63.1
University of Glasgow,United Kingdom,English Language,34,81.0,64.6,75.1,75.1,50.5,34.7
University of Leeds,United Kingdom,English Language,36,86.0,62.8,70.2,78.4,41.6,47.8
The Australian National University,Australia,English Language,37,30.0,82.1,93.6,70.1,38.0,99.3
Lancaster University,United Kingdom,English Language,38,146.0,51.2,39.6,30.0,31.5,82.2
Seoul National University,Republic of Korea,English Language,39,29.0,82.2,98.6,97.8,87.0,70.3
University of Amsterdam,Netherlands,English Language,40,58.0,71.1,82.7,42.3,26.7,97.3
University College Dublin,Ireland,English Language,41,182.0,45.6,48.7,46.8,22.5,43.0
Queen Mary University of London,United Kingdom,English Language,42,126.0,54.5,48.9,36.2,42.8,62.6
McGill University,Canada,English Language,43,31.0,81.9,93.3,93.6,68.9,59.6
The Chinese University of Hong Kong (CUHK),"Hong Kong SAR, China",English Language,44,38.0,80.6,87.3,49.6,60.9,92.9
Brown University,United States,English Language,45,63.0,69.6,57.6,54.2,80.8,89.9
Universiti Malaya (UM),Malaysia,English Language,46,70.0,67.9,79.6,94.9,67.8,39.4
The University of Exeter,United Kingdom,English Language,47,163.0,48.2,41.1,56.1,31.5,55.3
Freie Universitaet Berlin,Germany,English Language,48,118.0,55.8,80.7,44.9,4.0,63.5
University of Texas at Austin,United States,English Language,48,72.0,67.4,93.7,85.2,9.8,90.9
Yonsei University,Republic of Korea,English Language,48,73.0,67.0,75.5,95.5,88.6,28.4
Harvard University,United States,Environmental Sciences,1,5.0,97.6,100.0,100.0,99.4,100.0
Tsinghua University,China (Mainland),Environmental Sciences,2,14.0,90.1,98.9,97.7,92.8,98.1
Wageningen University & Research,Netherlands,Environmental Sciences,3,124.0,54.6,42.8,17.0,97.4,48.2
University of Oxford,United Kingdom,Environmental Sciences,4,4.0,98.4,100.0,100.0,100.0,90.0
Stanford University,United States,Environmental Sciences,5,3.0,98.5,100.0,100.0,100.0,99.9
Massachusetts Institute of Technology (MIT),United States,Environmental Sciences,6,,,,,,
"University of California, Berkeley (UCB)",United States,Environmental Sciences,7,27.0,82.7,100.0,100.0,23.9,99.9
ETH Zurich - Swiss Federal Institute of Technology,Switzerland,Environmental Sciences,8,9.0,93.6,98.6,91.3,74.2,99.2
University of Cambridge,United Kingdom,Environmental Sciences,9,2.0,98.8,100.0,100.0,100.0,92.3
National University of Singapore (NUS),Singapore,Environmental Sciences,10,11.0,92.7,99.5,94.1,79.8,91.8
Imperial College London,United Kingdom,Environmental Sciences,11,7.0,97.0,98.3,99.7,99.5,86.5
Peking University,China (Mainland),Environmental Sciences,12,12.0,91.3,99.3,96.5,87.3,96.7
"Nanyang Technological University, Singapore (NTU)",Singapore,Environmental Sciences,13,19.0,88.4,90.4,76.1,83.2,94.1
Yale University,United States,Environmental Sciences,14,18.0,89.0,99.9,100.0,100.0,51.5
The University of Queensland,Australia,Environmental Sciences,15,51.0,74.8,86.6,75.6,20.2,90.8
Delft University of Technology,Netherlands,Environmental Sciences,16,61.0,70.0,71.6,80.2,34.5,84.4
University of British Columbia,Canada,Environmental Sciences,17,47.0,77.0,98.0,95.4,56.5,42.1
Columbia University,United States,Environmental Sciences,18,22.0,86.7,99.7,98.1,100.0,47.2
University of Michigan-Ann Arbor,United States,Environmental Sciences,18,25.0,84.4,98.5,91.3,88.9,62.5
"University of California, Los Angeles (UCLA)",United States,Environmental Sciences,20,44.0,78.7,100.0,99.9,37.7,85.9
McGill University,Canada,Environmental Sciences,21,31.0,81.9,93.3,93.6,68.9,59.6
University of Toronto,Canada,Environmental Sciences,21,35.0,81.5,99.6,98.3,65.6,43.5
Zhejiang University,China (Mainland),Environmental Sciences,23,43.0,79.3,72.2,95.3,78.7,88.4
The University of Melbourne,Australia,Environmental Sciences,24,33.0,81.6,98.6,94.9,17.9,95.0
"University of California, Davis",United States,Environmental Sciences,25,102.0,58.2,64.8,51.0,27.1,68.7
Nanjing University,China (Mainland),Environmental Sciences,26,133.0,53.9,57.7,17.7,32.3,96.1
The Hong Kong Polytechnic University,"Hong Kong SAR, China",Environmental Sciences,27,66.0,69.0,66.1,37.0,78.4,68.9
The University of Hong Kong,"Hong Kong SAR, China",Environmental Sciences,27,21.0,87.0,97.4,62.9,84.2,72.6
California Institute of Technology (Caltech),United States,Environmental Sciences,29,6.0,97.0,96.5,87.1,100.0,100.0
Cornell University,United States,Environmental Sciences,29,20.0,87.2,98.3,91.4,62.2,99.3
Shanghai Jiao Tong University,China (Mainland),Environmental Sciences,31,46.0,77.4,82.7,90.2,57.7,97.1
Seoul National University,Republic of Korea,Environmental Sciences,32,29.0,82.2,98.6,97.8,87.0,70.3
Texas A&M University,United States,Environmental Sciences,32,164.0,47.9,61.5,65.0,5.0,67.8
The University of Tokyo,Japan,Environmental Sciences,32,23.0,85.3,100.0,99.7,91.9,73.3
UCL,United Kingdom,Environmental Sciences,32,8.0,95.0,99.4,98.6,97.6,77.0
Georgia Institute of Technology,United States,Environmental Sciences,36,88.0,62.3,67.7,77.0,11.1,95.5
The University of Exeter,United Kingdom,Environmental Sciences,36,163.0,48.2,41.1,56.1,31.5,55.3
The University of New South Wales (UNSW Sydney),Australia,Environmental Sciences,38,45.0,78.0,89.0,91.1,16.8,97.6
Stockholm University,Sweden,Environmental Sciences,39,153.0,50.1,54.5,17.7,29.2,62.5
Princeton University,United States,Environmental Sciences,40,17.0,89.2,99.9,98.9,72.6,100.0
University of Illinois at Urbana-Champaign,United States,Environmental Sciences,41,85.0,63.6,85.6,60.9,9.5,88.7
The University of Edinburgh,United Kingdom,Environmental Sciences,42,15.0,89.5,98.0,97.2,81.1,70.1
The University of Manchester,United Kingdom,Environmental Sciences,42,28.0,82.3,95.1,97.7,63.1,59.0
Lund University,Sweden,Environmental Sciences,44,95.0,60.1,68.8,50.9,51.3,41.4
Technical University of Denmark,Denmark,Environmental Sciences,44,104.0,58.0,30.9,23.4,100.0,70.8
Duke University,United States,Environmental Sciences,46,50.0,74.8,86.1,79.8,100.0,41.2
Pennsylvania State University,United States,Environmental Sciences,47,93.0,60.8,76.7,69.8,32.6,67.7
Johns Hopkins University,United States,Environmental Sciences,48,24.0,85.1,87.9,47.2,100.0,87.3
Utrecht University,Netherlands,Environmental Sciences,48,113.0,56.3,65.8,26.6,35.1,79.6
University of Washington,United States,Environmental Sciences,50,80.0,64.7,84.8,48.6,10.8,100.0
University of Oxford,United Kingdom,Geography,1,4.0,98.4,100.0,100.0,100.0,90.0
The London School of Economics and Political Science (LSE),United Kingdom,Geography,2,56.0,72.3,69.0,98.3,37.8,84.6
University of Cambridge,United Kingdom,Geography,3,2.0,98.8,100.0,100.0,100.0,92.3
UCL,United Kingdom,Geography,4,8.0,95.0,99.4,98.6,97.6,77.0
"University of California, Berkeley (UCB)",United States,Geography,5,27.0,82.7,100.0,100.0,23.9,99.9
National University of Singapore (NUS),Singapore,Geography,6,11.0,92.7,99.5,94.1,79.8,91.8
"University of California, Los Angeles (UCLA)",United States,Geography,7,44.0,78.7,100.0,99.9,37.7,85.9
University of Amsterdam,Netherlands,Geography,8,58.0,71.1,82.7,42.3,26.7,97.3
Peking University,China (Mainland),Geography,9,12.0,91.3,99.3,96.5,87.3,96.7
The University of Hong Kong,"Hong Kong SAR, China",Geography,10,21.0,87.0,97.4,62.9,84.2,72.6
Durham University,United Kingdom,Geography,11,92.0,60.9,57.9,89.2,31.0,65.7
University of British Columbia,Canada,Geography,12,47.0,77.0,98.0,95.4,56.5,42.1
University of Toronto,Canada,Geography,13,35.0,81.5,99.6,98.3,65.6,43.5
King's College London,United Kingdom,Geography,14,37.0,81.2,88.8,83.2,74.5,60.5
Tsinghua University,China (Mainland),Geography,15,14.0,90.1,98.9,97.7,92.8,98.1
The University of Tokyo,Japan,Geography,16,23.0,85.3,100.0,99.7,91.9,73.3
The University of Melbourne,Australia,Geography,17,33.0,81.6,98.6,94.9,17.9,95.0
The University of Manchester,United Kingdom,Geography,18,28.0,82.3,95.1,97.7,63.1,59.0
The Chinese University of Hong Kong (CUHK),"Hong Kong SAR, China",Geography,19,38.0,80.6,87.3,49.6,60.9,92.9
The Australian National University,Australia,Geography,20,30.0,82.1,93.6,70.1,38.0,99.3
The University of Edinburgh,United Kingdom,Geography,21,15.0,89.5,98.0,97.2,81.1,70.1
Utrecht University,Netherlands,Geography,22,113.0,56.3,65.8,26.6,35.1,79.6
Humboldt-Universität zu Berlin,Germany,Geography,23,131.0,54.1,90.1,55.6,8.7,29.5
University of Leeds,United Kingdom,Geography,23,86.0,62.8,70.2,78.4,41.6,47.8
The University of Sydney,Australia,Geography,25,41.0,79.6,96.2,91.7,15.6,92.1
Leiden University,Netherlands,Geography,26,132.0,54.1,68.1,23.4,22.2,65.8
University of Bristol,United Kingdom,Geography,27,62.0,70.0,74.4,84.1,58.3,55.3
Lund University,Sweden,Geography,28,95.0,60.1,68.8,50.9,51.3,41.4
University of Chicago,United States,Geography,29,10.0,93.2,99.2,92.2,92.9,86.8
University of Copenhagen,Denmark,Geography,29,82.0,64.1,72.8,36.6,100.0,26.0
KU Leuven,Belgium,Geography,31,76.0,66.0,83.8,53.0,7.7,92.7
Beijing Normal University,China (Mainland),Geography,32,,,,,,
Freie Universitaet Berlin,Germany,Geography,33,118.0,55.8,80.7,44.9,4.0,63.5
Nanjing University,China (Mainland),Geography,34,133.0,53.9,57.7,17.7,32.3,96.1
Université Paris 1 Panthéon-Sorbonne,France,Geography,34,,,,,,
Newcastle University,United Kingdom,Geography,36,122.0,54.8,46.2,83.8,39.1,58.9
Fudan University,China (Mainland),Geography,37,34.0,81.5,83.6,93.5,89.3,70.4
The Hong Kong Polytechnic University,"Hong Kong SAR, China",Geography,37,66.0,69.0,66.1,37.0,78.4,68.9
The University of Sheffield,United Kingdom,Geography,39,96.0,59.5,58.7,53.5,59.4,46.9
The University of Exeter,United Kingdom,Geography,40,163.0,48.2,41.1,56.1,31.5,55.3
New York University (NYU),United States,Geography,41,39.0,80.3,95.9,99.0,98.1,28.9
University of Michigan-Ann Arbor,United States,Geography,41,25.0,84.4,98.5,91.3,88.9,62.5
Alma Mater Studiorum - University of Bologna,Italy,Geography,43,167.0,47.5,78.5,43.1,3.5,49.7
"Nanyang Technological University, Singapore (NTU)",Singapore,Geography,44,19.0,88.4,90.4,76.1,83.2,94.1
Wuhan University,China (Mainland),Geography,45,194.0,44.3,38.8,56.6,13.8,88.1
Stockholm University,Sweden,Geography,46,153.0,50.1,54.5,17.7,29.2,62.5
University of Vienna,Austria,Geography,47,151.0,50.6,69.4,55.3,24.2,14.1
Seoul National University,Republic of Korea,Geography,48,29.0,82.2,98.6,97.8,87.0,70.3
Cornell University,United States,Geography,49,20.0,87.2,98.3,91.4,62.2,99.3
University of Wisconsin-Madison,United States,Geography,49,83.0,63.7,82.4,48.1,70.6,41.9
ETH Zurich - Swiss Federal Institute of Technology,Switzerland,Geology,1,9.0,93.6,98.6,91.3,74.2,99.2
University of Oxford,United Kingdom,Geology,2,4.0,98.4,100.0,100.0,100.0,90.0
Harvard University,United States,Geology,3,5.0,97.6,100.0,100.0,99.4,100.0
Massachusetts Institute of Technology (MIT),United States,Geology,4,,,,,,
University of Cambridge,United Kingdom,Geology,5,2.0,98.8,100.0,100.0,100.0,92.3
California Institute of Technology (Caltech),United States,Geology,6,6.0,97.0,96.5,87.1,100.0,100.0
"University of California, Berkeley (UCB)",United States,Geology,7,27.0,82.7,100.0,100.0,23.9,99.9
University of Washington,United States,Geology,8,80.0,64.7,84.8,48.6,10.8,100.0
Columbia University,United States,Geology,9,22.0,86.7,99.7,98.1,100.0,47.2
Stanford University,United States,Geology,9,3.0,98.5,100.0,100.0,100.0,99.9
China University of Geosciences,China (Mainland),Geology,11,662.0,,4.5,1.3,58.8,20.1
Princeton University,United States,Geology,12,17.0,89.2,99.9,98.9,72.6,100.0
Peking University,China (Mainland),Geology,13,12.0,91.3,99.3,96.5,87.3,96.7
University of Colorado Boulder,United States,Geology,14,318.0,33.8,37.0,13.5,41.8,36.8
University of Leeds,United Kingdom,Geology,15,86.0,62.8,70.2,78.4,41.6,47.8
Delft University of Technology,Netherlands,Geology,16,61.0,70.0,71.6,80.2,34.5,84.4
The University of Tokyo,Japan,Geology,16,23.0,85.3,100.0,99.7,91.9,73.3
Tsinghua University,China (Mainland),Geology,18,14.0,90.1,98.9,97.7,92.8,98.1
Utrecht University,Netherlands,Geology,19,113.0,56.3,65.8,26.6,35.1,79.6
Wuhan University,China (Mainland),Geology,20,194.0,44.3,38.8,56.6,13.8,88.1
Imperial College London,United Kingdom,Geology,21,7.0,97.0,98.3,99.7,99.5,86.5
Nanjing University,China (Mainland),Geology,22,133.0,53.9,57.7,17.7,32.3,96.1
UCL,United Kingdom,Geology,22,8.0,95.0,99.4,98.6,97.6,77.0
Université Grenoble Alpes,France,Geology,22,317.0,33.8,43.3,12.5,8.3,51.1
"University of California, Los Angeles (UCLA)",United States,Geology,22,44.0,78.7,100.0,99.9,37.7,85.9
The Australian National University,Australia,Geology,26,30.0,82.1,93.6,70.1,38.0,99.3
"University of California, San Diego (UCSD)",United States,Geology,27,53.0,74.5,90.0,61.6,55.6,77.0
The University of New South Wales (UNSW Sydney),Australia,Geology,28,45.0,78.0,89.0,91.1,16.8,97.6
Yale University,United States,Geology,28,18.0,89.0,99.9,100.0,100.0,51.5
University of Toronto,Canada,Geology,30,35.0,81.5,99.6,98.3,65.6,43.5
Sorbonne University,France,Geology,31,60.0,70.1,90.0,41.7,40.6,86.3
University of Texas at Austin,United States,Geology,32,72.0,67.4,93.7,85.2,9.8,90.9
The University of Edinburgh,United Kingdom,Geology,33,15.0,89.5,98.0,97.2,81.1,70.1
The University of Melbourne,Australia,Geology,34,33.0,81.6,98.6,94.9,17.9,95.0
University of British Columbia,Canada,Geology,35,47.0,77.0,98.0,95.4,56.5,42.1
Wageningen University & Research,Netherlands,Geology,36,124.0,54.6,42.8,17.0,97.4,48.2
Curtin University,Australia,Geology,37,193.0,44.4,30.5,41.2,13.9,89.4
Pennsylvania State University,United States,Geology,37,93.0,60.8,76.7,69.8,32.6,67.7
The University of Exeter,United Kingdom,Geology,39,163.0,48.2,41.1,56.1,31.5,55.3
The University of Queensland,Australia,Geology,40,51.0,74.8,86.6,75.6,20.2,90.8
McGill University,Canada,Geology,41,31.0,81.9,93.3,93.6,68.9,59.6
"University of Maryland, College Park",United States,Geology,41,165.0,47.9,51.2,35.6,37.1,71.1
University of Bristol,United Kingdom,Geology,43,62.0,70.0,74.4,84.1,58.3,55.3
"Nanyang Technological University, Singapore (NTU)",Singapore,Geology,44,19.0,88.4,90.4,76.1,83.2,94.1
Texas A&M University,United States,Geology,44,164.0,47.9,61.5,65.0,5.0,67.8
The University of Hong Kong,"Hong Kong SAR, China",Geology,46,21.0,87.0,97.4,62.9,84.2,72.6
Université PSL,France,Geology,47,26.0,83.8,74.4,97.0,99.8,84.1
The University of Arizona,United States,Geology,48,263.0,37.8,39.6,22.4,67.6,21.5
The University of Western Australia,Australia,Geology,49,90.0,61.7,55.6,49.9,21.8,98.9
Colorado State University,United States,Geology,50,408.0,27.9,19.1,19.2,63.5,20.8
University of Chinese Academy of Sciences,China (Mainland),Geology,50,,,,,,
University of Oslo,Norway,Geology,50,101.0,58.7,54.9,14.5,83.8,62.7
ETH Zurich - Swiss Federal Institute of Technology,Switzerland,Geophysics,1,9.0,93.6,98.6,91.3,74.2,99.2
University of Oxford,United Kingdom,Geophysics,2,4.0,98.4,100.0,100.0,100.0,90.0
Harvard University,United States,Geophysics,3,5.0,97.6,100.0,100.0,99.4,100.0
California Institute of Technology (Caltech),United States,Geophysics,4,6.0,97.0,96.5,87.1,100.0,100.0
Massachusetts Institute of Technology (MIT),United States,Geophysics,4,,,,,,
University of Cambridge,United Kingdom,Geophysics,6,2.0,98.8,100.0,100.0,100.0,92.3
Columbia University,United States,Geophysics,7,22.0,86.7,99.7,98.1,100.0,47.2
"University of California, Berkeley (UCB)",United States,Geophysics,8,27.0,82.7,100.0,100.0,23.9,99.9
University of Washington,United States,Geophysics,9,80.0,64.7,84.8,48.6,10.8,100.0
Stanford University,United States,Geophysics,10,3.0,98.5,100.0,100.0,100.0,99.9
University of Colorado Boulder,United States,Geophysics,11,318.0,33.8,37.0,13.5,41.8,36.8
Princeton University,United States,Geophysics,12,17.0,89.2,99.9,98.9,72.6,100.0
Delft University of Technology,Netherlands,Geophysics,13,61.0,70.0,71.6,80.2,34.5,84.4
University of Leeds,United Kingdom,Geophysics,14,86.0,62.8,70.2,78.4,41.6,47.8
Peking University,China (Mainland),Geophysics,15,12.0,91.3,99.3,96.5,87.3,96.7
The University of Tokyo,Japan,Geophysics,16,23.0,85.3,100.0,99.7,91.9,73.3
Utrecht University,Netherlands,Geophysics,17,113.0,56.3,65.8,26.6,35.1,79.6
Tsinghua University,China (Mainland),Geophysics,18,14.0,90.1,98.9,97.7,92.8,98.1
Wuhan University,China (Mainland),Geophysics,18,194.0,44.3,38.8,56.6,13.8,88.1
Imperial College London,United Kingdom,Geophysics,20,7.0,97.0,98.3,99.7,99.5,86.5
"University of California, San Diego (UCSD)",United States,Geophysics,20,53.0,74.5,90.0,61.6,55.6,77.0
The Australian National University,Australia,Geophysics,22,30.0,82.1,93.6,70.1,38.0,99.3
Université Grenoble Alpes,France,Geophysics,23,317.0,33.8,43.3,12.5,8.3,51.1
"University of California, Los Angeles (UCLA)",United States,Geophysics,24,44.0,78.7,100.0,99.9,37.7,85.9
Nanjing University,China (Mainland),Geophysics,25,133.0,53.9,57.7,17.7,32.3,96.1
UCL,United Kingdom,Geophysics,25,8.0,95.0,99.4,98.6,97.6,77.0
Sorbonne University,France,Geophysics,27,60.0,70.1,90.0,41.7,40.6,86.3
University of Texas at Austin,United States,Geophysics,28,72.0,67.4,93.7,85.2,9.8,90.9
University of British Columbia,Canada,Geophysics,29,47.0,77.0,98.0,95.4,56.5,42.1
University of Toronto,Canada,Geophysics,29,35.0,81.5,99.6,98.3,65.6,43.5
The University of New South Wales (UNSW Sydney),Australia,Geophysics,31,45.0,78.0,89.0,91.1,16.8,97.6
Yale University,United States,Geophysics,32,18.0,89.0,99.9,100.0,100.0,51.5
The University of Edinburgh,United Kingdom,Geophysics,33,15.0,89.5,98.0,97.2,81.1,70.1
Wageningen University & Research,Netherlands,Geophysics,33,124.0,54.6,42.8,17.0,97.4,48.2
The University of Melbourne,Australia,Geophysics,35,33.0,81.6,98.6,94.9,17.9,95.0
Pennsylvania State University,United States,Geophysics,36,93.0,60.8,76.7,69.8,32.6,67.7
McGill University,Canada,Geophysics,38,31.0,81.9,93.3,93.6,68.9,59.6
University of Bristol,United Kingdom,Geophysics,38,62.0,70.0,74.4,84.1,58.3,55.3
Texas A&M University,United States,Geophysics,40,164.0,47.9,61.5,65.0,5.0,67.8
"University of Maryland, College Park",United States,Geophysics,40,165.0,47.9,51.2,35.6,37.1,71.1
Cornell University,United States,Geophysics,42,20.0,87.2,98.3,91.4,62.2,99.3
Curtin University,Australia,Geophysics,42,193.0,44.4,30.5,41.2,13.9,89.4
"Nanyang Technological University, Singapore (NTU)",Singapore,Geophysics,42,19.0,88.4,90.4,76.1,83.2,94.1
Université PSL,France,Geophysics,42,26.0,83.8,74.4,97.0,99.8,84.1
Colorado State University,United States,Geophysics,46,408.0,27.9,19.1,19.2,63.5,20.8
The University of Hong Kong,"Hong Kong SAR, China",Geophysics,46,21.0,87.0,97.4,62.9,84.2,72.6
The University of Queensland,Australia,Geophysics,46,51.0,74.8,86.6,75.6,20.2,90.8
The University of Arizona,United States,Geophysics,49,263.0,37.8,39.6,22.4,67.6,21.5
University of Chinese Academy of Sciences,China (Mainland),Geophysics,50,,,,,,
Royal College of Art,United Kingdom,History of Art,1,,,,,,
National University of Singapore (NUS),Singapore,History of Art,2,11.0,92.7,99.5,94.1,79.8,91.8
Tsinghua University,China (Mainland),History of Art,3,14.0,90.1,98.9,97.7,92.8,98.1
The New School,United States,History of Art,4,527.0,,15.6,7.4,53.8,2.6
The Courtauld Institute of Art,United Kingdom,History of Art,5,,,,,,
Rhode Island School of Design (RISD),United States,History of Art,6,,,,,,
Harvard University,United States,History of Art,7,5.0,97.6,100.0,100.0,99.4,100.0
Tongji University,China (Mainland),History of Art,8,212.0,42.4,33.2,10.0,26.6,87.5
Universita' IUAV di Venezia,Italy,History of Art,9,,,,,,
Pratt Institute,United States,History of Art,10,,,,,,
Politecnico di Torino,Italy,History of Art,11,325.0,33.1,36.6,47.3,2.5,54.0
The University of Hong Kong,"Hong Kong SAR, China",History of Art,12,21.0,87.0,97.4,62.9,84.2,72.6
University of Cambridge,United Kingdom,History of Art,13,2.0,98.8,100.0,100.0,100.0,92.3
Yale University,United States,History of Art,14,18.0,89.0,99.9,100.0,100.0,51.5
Tokyo Institute of Technology (Tokyo Tech),Japan,History of Art,15,55.0,72.5,74.1,93.4,81.5,65.9
University of Oxford,United Kingdom,History of Art,15,4.0,98.4,100.0,100.0,100.0,90.0
Columbia University,United States,History of Art,17,22.0,86.7,99.7,98.1,100.0,47.2
Sapienza University of Rome,Italy,History of Art,18,171.0,46.8,78.0,36.6,4.5,50.2
"University of California, Berkeley (UCB)",United States,History of Art,19,27.0,82.7,100.0,100.0,23.9,99.9
Cornell University,United States,History of Art,20,20.0,87.2,98.3,91.4,62.2,99.3
Architectural Association School of Architecture,United Kingdom,History of Art,21,,,,,,
Glasgow School of Art (GSA),United Kingdom,History of Art,21,,,,,,
"Goldsmiths, University of London",United Kingdom,History of Art,21,516.0,,16.2,7.5,18.3,17.4
KTH Royal Institute of Technology,Sweden,History of Art,21,,,,,,
"Nanyang Technological University, Singapore (NTU)",Singapore,History of Art,21,19.0,88.4,90.4,76.1,83.2,94.1
New York University (NYU),United States,History of Art,21,39.0,80.3,95.9,99.0,98.1,28.9
Peking University,China (Mainland),History of Art,21,12.0,91.3,99.3,96.5,87.3,96.7
Princeton University,United States,History of Art,21,17.0,89.2,99.9,98.9,72.6,100.0
Seoul National University,Republic of Korea,History of Art,21,29.0,82.2,98.6,97.8,87.0,70.3
Southeast University,China (Mainland),History of Art,21,463.0,25.5,11.1,6.0,29.5,68.7
Taylor's University,Malaysia,History of Art,21,285.0,36.1,21.5,80.0,55.1,6.6
Technical University of Munich,Germany,History of Art,21,49.0,76.4,84.0,96.8,96.4,25.8
Technische Universität Berlin (TU Berlin),Germany,History of Art,21,158.0,49.3,55.1,64.9,48.5,23.6
Tecnológico de Monterrey,Mexico,History of Art,21,170.0,47.1,48.8,92.8,72.9,2.2
The Australian National University,Australia,History of Art,21,30.0,82.1,93.6,70.1,38.0,99.3
The Chinese University of Hong Kong (CUHK),"Hong Kong SAR, China",History of Art,21,38.0,80.6,87.3,49.6,60.9,92.9
The University of Melbourne,Australia,History of Art,21,33.0,81.6,98.6,94.9,17.9,95.0
The University of New South Wales (UNSW Sydney),Australia,History of Art,21,45.0,78.0,89.0,91.1,16.8,97.6
The University of Sydney,Australia,History of Art,21,41.0,79.6,96.2,91.7,15.6,92.1
The University of Tokyo,Japan,History of Art,21,23.0,85.3,100.0,99.7,91.9,73.3
Tianjin University,China (Mainland),History of Art,21,308.0,34.4,18.3,4.3,31.2,92.0
UCL,United Kingdom,History of Art,21,8.0,95.0,99.4,98.6,97.6,77.0
Universidad Nacional Autónoma de México (UNAM),Mexico,History of Art,21,105.0,58.0,96.0,95.1,43.2,2.9
Universidad Politécnica de Madrid (UPM),Spain,History of Art,21,489.0,24.6,30.8,50.1,17.4,10.8
Universidade de São Paulo,Brazil,History of Art,21,115.0,56.1,91.8,69.9,17.4,40.6
Universitat Politècnica de Catalunya · BarcelonaTech (UPC),Spain,History of Art,21,344.0,31.4,32.5,25.8,45.1,24.7
Université Paris 1 Panthéon-Sorbonne,France,History of Art,21,,,,,,
"University of California, Los Angeles (UCLA)",United States,History of Art,21,44.0,78.7,100.0,99.9,37.7,85.9
University of Pennsylvania,United States,History of Art,21,13.0,90.6,96.5,92.5,99.9,70.9
Waseda University,Japan,History of Art,21,206.0,42.8,58.7,96.5,27.2,4.4
Harvard University,United States,History$,1,5.0,97.6,100.0,100.0,99.4,100.0
University of Oxford,United Kingdom,History$,2,4.0,98.4,100.0,100.0,100.0,90.0
University of Cambridge,United Kingdom,History$,3,2.0,98.8,100.0,100.0,100.0,92.3
Yale University,United States,History$,4,18.0,89.0,99.9,100.0,100.0,51.5
Peking University,China (Mainland),History$,5,12.0,91.3,99.3,96.5,87.3,96.7
Stanford University,United States,History$,6,3.0,98.5,100.0,100.0,100.0,99.9
The London School of Economics and Political Science (LSE),United Kingdom,History$,6,56.0,72.3,69.0,98.3,37.8,84.6
"University of California, Berkeley (UCB)",United States,History$,8,27.0,82.7,100.0,100.0,23.9,99.9
Columbia University,United States,History$,9,22.0,86.7,99.7,98.1,100.0,47.2
Princeton University,United States,History$,9,17.0,89.2,99.9,98.9,72.6,100.0
"University of California, Los Angeles (UCLA)",United States,History$,11,44.0,78.7,100.0,99.9,37.7,85.9
University of Chicago,United States,History$,12,10.0,93.2,99.2,92.2,92.9,86.8
The University of Edinburgh,United Kingdom,History$,13,15.0,89.5,98.0,97.2,81.1,70.1
The University of Tokyo,Japan,History$,13,23.0,85.3,100.0,99.7,91.9,73.3
UCL,United Kingdom,History$,15,8.0,95.0,99.4,98.6,97.6,77.0
University of Toronto,Canada,History$,16,35.0,81.5,99.6,98.3,65.6,43.5
National University of Singapore (NUS),Singapore,History$,17,11.0,92.7,99.5,94.1,79.8,91.8
Leiden University,Netherlands,History$,18,132.0,54.1,68.1,23.4,22.2,65.8
Université Paris 1 Panthéon-Sorbonne,France,History$,19,,,,,,
University of Michigan-Ann Arbor,United States,History$,20,25.0,84.4,98.5,91.3,88.9,62.5
University of British Columbia,Canada,History$,21,47.0,77.0,98.0,95.4,56.5,42.1
University of Pennsylvania,United States,History$,21,13.0,90.6,96.5,92.5,99.9,70.9
New York University (NYU),United States,History$,23,39.0,80.3,95.9,99.0,98.1,28.9
Kyoto University,Japan,History$,24,36.0,81.4,98.6,98.9,94.8,54.2
King's College London,United Kingdom,History$,25,37.0,81.2,88.8,83.2,74.5,60.5
Fudan University,China (Mainland),History$,26,34.0,81.5,83.6,93.5,89.3,70.4
The Australian National University,Australia,History$,26,30.0,82.1,93.6,70.1,38.0,99.3
Seoul National University,Republic of Korea,History$,28,29.0,82.2,98.6,97.8,87.0,70.3
The University of Hong Kong,"Hong Kong SAR, China",History$,29,21.0,87.0,97.4,62.9,84.2,72.6
Freie Universitaet Berlin,Germany,History$,30,118.0,55.8,80.7,44.9,4.0,63.5
The University of Manchester,United Kingdom,History$,31,28.0,82.3,95.1,97.7,63.1,59.0
Johns Hopkins University,United States,History$,32,24.0,85.1,87.9,47.2,100.0,87.3
Ludwig-Maximilians-Universität München,Germany,History$,33,59.0,70.4,92.6,75.7,56.0,45.5
Cornell University,United States,History$,34,20.0,87.2,98.3,91.4,62.2,99.3
National Taiwan University (NTU),Taiwan,History$,35,77.0,65.7,92.3,92.6,33.4,49.7
Durham University,United Kingdom,History$,36,92.0,60.9,57.9,89.2,31.0,65.7
University of Amsterdam,Netherlands,History$,37,58.0,71.1,82.7,42.3,26.7,97.3
"University of North Carolina, Chapel Hill",United States,History$,37,103.0,58.2,65.5,44.7,80.4,46.6
The University of Sydney,Australia,History$,39,41.0,79.6,96.2,91.7,15.6,92.1
The University of Melbourne,Australia,History$,40,33.0,81.6,98.6,94.9,17.9,95.0
Humboldt-Universität zu Berlin,Germany,History$,41,131.0,54.1,90.1,55.6,8.7,29.5
The University of Warwick,United Kingdom,History$,42,64.0,69.1,71.8,89.3,43.1,63.1
Ruprecht-Karls-Universität Heidelberg,Germany,History$,43,65.0,69.0,78.7,40.3,99.8,41.1
McGill University,Canada,History$,44,31.0,81.9,93.3,93.6,68.9,59.6
University of Vienna,Austria,History$,44,151.0,50.6,69.4,55.3,24.2,14.1
University of St Andrews,United Kingdom,History$,46,97.0,59.5,46.2,67.6,61.1,58.9
University of Wisconsin-Madison,United States,History$,47,83.0,63.7,82.4,48.1,70.6,41.9
Universidad Nacional Autónoma de México (UNAM),Mexico,History$,48,105.0,58.0,96.0,95.1,43.2,2.9
University of Glasgow,United Kingdom,History$,49,81.0,64.6,75.1,75.1,50.5,34.7
Ecole des Hautes Etudes en Sciences Sociales (EHESS),France,History$,50,,,,,,
EHL Hospitality Business School,Switzerland,Hospitality,1,,,,,,
Les Roches Global Hospitality Education,Switzerland,Hospitality,2,,,,,,
SHMS - Swiss Hotel Management School,Switzerland,Hospitality,3,,,,,,
University of Nevada - Las Vegas,United States,Hospitality,4,,,,,,
Cesar Ritz Colleges,Switzerland,Hospitality,5,,,,,,
Glion Institute of Higher Education,Switzerland,Hospitality,6,,,,,,
Hotel Institute Montreux - HIM,Switzerland,Hospitality,7,,,,,,
Culinary Arts Academy Switzerland,Switzerland,Hospitality,8,,,,,,
Hotelschool The Hague,Netherlands,Hospitality,9,,,,,,
The Emirates Academy of Hospitality Management (EAHM),United Arab Emirates,Hospitality,10,,,,,,
The Hong Kong Polytechnic University,"Hong Kong SAR, China",Hospitality,11,66.0,69.0,66.1,37.0,78.4,68.9
Hotel School Vatel,France,Hospitality,12,,,,,,
Macao University of Tourism (UTM),"Macao SAR, China",Hospitality,13,,,,,,
Escuela Universitaria de hosteleria y turismo de Sant Pol de Mar,Spain,Hospitality,14,,,,,,
Cornell University | School of Hotel Administration,United States,Hospitality,15,,,,,,
University of Surrey,United Kingdom,Hospitality,16,306.0,34.7,20.4,28.1,21.5,49.6
"IMI-Luzern - IRN Hotel Management School, Switzerland",Switzerland,Hospitality,17,,,,,,
University of Central Florida,United States,Hospitality,18,958.0,,14.2,25.7,2.9,26.0
"Hotel and Tourism Management Institute, Switzerland",Switzerland,Hospitality,19,,,,,,
Taylor's University,Malaysia,Hospitality,20,285.0,36.1,21.5,80.0,55.1,6.6
Oxford Brookes University,United Kingdom,Hospitality,21,438.0,26.5,27.0,41.4,13.0,9.2
Breda University of Applied Sciences,Netherlands,Hospitality,22,,,,,,
Bournemouth University,United Kingdom,Hospitality,23,815.0,,5.2,11.1,5.9,21.1
Pennsylvania State University | School of Hospitality Management,United States,Hospitality,23,,,,,,
Griffith University,Australia,Hospitality,25,301.0,35.2,26.1,16.6,7.6,71.7
The University of Queensland,Australia,Hospitality,26,51.0,74.8,86.6,75.6,20.2,90.8
Blue Mountains IRN Hotel Management School (BMIHMS),Australia,Hospitality,27,,,,,,
"Nanyang Technological University, Singapore (NTU)",Singapore,Hospitality,28,19.0,88.4,90.4,76.1,83.2,94.1
Sejong University,Republic of Korea,Hospitality,29,,,,,,
Ecole Hoteliere de Geneve,Switzerland,Hospitality,30,,,,,,
Florida International University,United States,Hospitality,31,763.0,,14.3,24.2,11.2,16.0
Business and hotel management school - bhms,Switzerland,Hospitality,32,,,,,,
Virginia Polytechnic Institute and State University,United States,Hospitality,32,367.0,30.2,28.5,25.6,20.0,38.5
Michigan State University,United States,Hospitality,34,159.0,48.9,60.5,61.4,12.9,58.9
University of Houston,United States,Hospitality,34,800.0,,14.4,15.8,4.4,35.2
Management and Science University,Malaysia,Hospitality,36,620.0,,10.7,14.7,30.6,1.5
University of Florida,United States,Hospitality,37,188.0,45.3,48.5,47.0,71.4,26.4
University of Derby,United Kingdom,Hospitality,38,1164.0,,3.8,4.6,11.3,4.2
University of South Carolina,United States,Hospitality,38,747.0,,15.4,18.5,11.5,27.4
Washington State University,United States,Hospitality,40,448.0,26.3,25.5,24.4,15.3,36.2
Zhejiang University,China (Mainland),Hospitality,41,43.0,79.3,72.2,95.3,78.7,88.4
Kyung Hee University,Republic of Korea,Hospitality,42,271.0,37.2,24.9,39.0,85.7,13.3
Sun Yat-sen University,China (Mainland),Hospitality,43,269.0,37.3,34.4,32.5,52.6,46.0
Université Paris 1 Panthéon-Sorbonne,France,Hospitality,44,,,,,,
National Kaohsiung University of Hospitality and Tourism,Taiwan,Hospitality,45,,,,,,
Youngsan University,Republic of Korea,Hospitality,46,1400.0,,4.1,9.4,18.0,1.2
Fudan University,China (Mainland),Hospitality,47,34.0,81.5,83.6,93.5,89.3,70.4
Shanghai Jiao Tong University,China (Mainland),Hospitality,48,46.0,77.4,82.7,90.2,57.7,97.1
The Chinese University of Hong Kong (CUHK),"Hong Kong SAR, China",Hospitality,49,38.0,80.6,87.3,49.6,60.9,92.9
Purdue University,United States,Hospitality,50,129.0,54.2,62.7,73.1,11.7,70.9
University of Strathclyde,United Kingdom,Hospitality,50,326.0,33.1,25.9,41.8,18.8,33.4
Harvard University,United States,Law,1,5.0,97.6,100.0,100.0,99.4,100.0
University of Oxford,United Kingdom,Law,2,4.0,98.4,100.0,100.0,100.0,90.0
University of Cambridge,United Kingdom,Law,3,2.0,98.8,100.0,100.0,100.0,92.3
Yale University,United States,Law,4,18.0,89.0,99.9,100.0,100.0,51.5
Stanford University,United States,Law,5,3.0,98.5,100.0,100.0,100.0,99.9
The London School of Economics and Political Science (LSE),United Kingdom,Law,6,56.0,72.3,69.0,98.3,37.8,84.6
"University of California, Berkeley (UCB)",United States,Law,7,27.0,82.7,100.0,100.0,23.9,99.9
Columbia University,United States,Law,8,22.0,86.7,99.7,98.1,100.0,47.2
New York University (NYU),United States,Law,9,39.0,80.3,95.9,99.0,98.1,28.9
National University of Singapore (NUS),Singapore,Law,10,11.0,92.7,99.5,94.1,79.8,91.8
University of Chicago,United States,Law,11,10.0,93.2,99.2,92.2,92.9,86.8
The University of New South Wales (UNSW Sydney),Australia,Law,12,45.0,78.0,89.0,91.1,16.8,97.6
The University of Melbourne,Australia,Law,13,33.0,81.6,98.6,94.9,17.9,95.0
UCL,United Kingdom,Law,14,8.0,95.0,99.4,98.6,97.6,77.0
The University of Hong Kong,"Hong Kong SAR, China",Law,15,21.0,87.0,97.4,62.9,84.2,72.6
The University of Tokyo,Japan,Law,16,23.0,85.3,100.0,99.7,91.9,73.3
University of Toronto,Canada,Law,16,35.0,81.5,99.6,98.3,65.6,43.5
The University of Sydney,Australia,Law,18,41.0,79.6,96.2,91.7,15.6,92.1
King's College London,United Kingdom,Law,19,37.0,81.2,88.8,83.2,74.5,60.5
Université Paris 1 Panthéon-Sorbonne,France,Law,20,,,,,,
The University of Edinburgh,United Kingdom,Law,21,15.0,89.5,98.0,97.2,81.1,70.1
Peking University,China (Mainland),Law,22,12.0,91.3,99.3,96.5,87.3,96.7
Tsinghua University,China (Mainland),Law,22,14.0,90.1,98.9,97.7,92.8,98.1
"University of California, Los Angeles (UCLA)",United States,Law,24,44.0,78.7,100.0,99.9,37.7,85.9
Leiden University,Netherlands,Law,25,132.0,54.1,68.1,23.4,22.2,65.8
Georgetown University,United States,Law,26,281.0,36.3,31.2,44.6,55.4,27.3
The Australian National University,Australia,Law,26,30.0,82.1,93.6,70.1,38.0,99.3
Universidad de Buenos Aires (UBA),Argentina,Law,28,67.0,68.9,92.3,94.0,76.0,1.8
University of Pennsylvania,United States,Law,29,13.0,90.6,96.5,92.5,99.9,70.9
Universidad Nacional Autónoma de México (UNAM),Mexico,Law,30,105.0,58.0,96.0,95.1,43.2,2.9
Cornell University,United States,Law,31,20.0,87.2,98.3,91.4,62.2,99.3
University of Amsterdam,Netherlands,Law,31,58.0,71.1,82.7,42.3,26.7,97.3
Pontificia Universidad Católica de Chile (UC),Chile,Law,33,121.0,54.9,91.8,98.1,22.3,12.5
Duke University,United States,Law,34,50.0,74.8,86.1,79.8,100.0,41.2
Renmin (People's) University of China,China (Mainland),Law,34,629.0,,21.7,52.1,18.8,7.6
Seoul National University,Republic of Korea,Law,36,29.0,82.2,98.6,97.8,87.0,70.3
University of Michigan-Ann Arbor,United States,Law,36,25.0,84.4,98.5,91.3,88.9,62.5
University of British Columbia,Canada,Law,38,47.0,77.0,98.0,95.4,56.5,42.1
Monash University,Australia,Law,39,57.0,71.6,87.6,80.8,11.2,79.3
Queen Mary University of London,United Kingdom,Law,39,126.0,54.5,48.9,36.2,42.8,62.6
Alma Mater Studiorum - University of Bologna,Italy,Law,41,167.0,47.5,78.5,43.1,3.5,49.7
Humboldt-Universität zu Berlin,Germany,Law,41,131.0,54.1,90.1,55.6,8.7,29.5
McGill University,Canada,Law,41,31.0,81.9,93.3,93.6,68.9,59.6
Universidad de los Andes,Colombia,Law,44,220.0,41.6,62.9,95.0,19.5,6.1
KU Leuven,Belgium,Law,45,76.0,66.0,83.8,53.0,7.7,92.7
Universidad de Chile,Chile,Law,46,168.0,47.5,80.0,92.0,12.5,13.9
Shanghai Jiao Tong University,China (Mainland),Law,47,46.0,77.4,82.7,90.2,57.7,97.1
The Chinese University of Hong Kong (CUHK),"Hong Kong SAR, China",Law,48,38.0,80.6,87.3,49.6,60.9,92.9
Zhejiang University,China (Mainland),Law,49,43.0,79.3,72.2,95.3,78.7,88.4
Wuhan University,China (Mainland),Law,50,194.0,44.3,38.8,56.6,13.8,88.1
The University of Sheffield,United Kingdom,Library,1,96.0,59.5,58.7,53.5,59.4,46.9
University of Washington,United States,Library,2,80.0,64.7,84.8,48.6,10.8,100.0
"Nanyang Technological University, Singapore (NTU)",Singapore,Library,3,19.0,88.4,90.4,76.1,83.2,94.1
"University of North Carolina, Chapel Hill",United States,Library,4,103.0,58.2,65.5,44.7,80.4,46.6
University of Texas at Austin,United States,Library,5,72.0,67.4,93.7,85.2,9.8,90.9
University of Illinois at Urbana-Champaign,United States,Library,6,85.0,63.6,85.6,60.9,9.5,88.7
Indiana University Bloomington,United States,Library,7,339.0,31.7,36.6,26.3,28.4,29.4
University of British Columbia,Canada,Library,8,47.0,77.0,98.0,95.4,56.5,42.1
"University of Maryland, College Park",United States,Library,9,165.0,47.9,51.2,35.6,37.1,71.1
"University of California, Berkeley (UCB)",United States,Library,10,27.0,82.7,100.0,100.0,23.9,99.9
Wuhan University,China (Mainland),Library,11,194.0,44.3,38.8,56.6,13.8,88.1
UCL,United Kingdom,Library,12,8.0,95.0,99.4,98.6,97.6,77.0
Peking University,China (Mainland),Library,13,12.0,91.3,99.3,96.5,87.3,96.7
Syracuse University,United States,Library,14,782.0,,13.6,15.9,14.6,17.0
University of Toronto,Canada,Library,15,35.0,81.5,99.6,98.3,65.6,43.5
University of Michigan-Ann Arbor,United States,Library,16,25.0,84.4,98.5,91.3,88.9,62.5
Rutgers University–New Brunswick,United States,Library,17,268.0,37.3,37.6,35.6,51.3,26.3
Loughborough University,United Kingdom,Library,18,256.0,38.1,29.9,65.9,22.2,37.7
The University of Hong Kong,"Hong Kong SAR, China",Library,19,21.0,87.0,97.4,62.9,84.2,72.6
The University of Manchester,United Kingdom,Library,20,28.0,82.3,95.1,97.7,63.1,59.0
The University of Sydney,Australia,Library,21,41.0,79.6,96.2,91.7,15.6,92.1
McGill University,Canada,Library,22,31.0,81.9,93.3,93.6,68.9,59.6
Fudan University,China (Mainland),Library,23,34.0,81.5,83.6,93.5,89.3,70.4
The University of Arizona,United States,Library,24,263.0,37.8,39.6,22.4,67.6,21.5
Nanjing University,China (Mainland),Library,25,133.0,53.9,57.7,17.7,32.3,96.1
University of Strathclyde,United Kingdom,Library,26,326.0,33.1,25.9,41.8,18.8,33.4
Tampere University,Finland,Library,27,415.0,27.6,23.7,27.7,27.7,37.8
University of Amsterdam,Netherlands,Library,28,58.0,71.1,82.7,42.3,26.7,97.3
Universiti Malaya (UM),Malaysia,Library,29,70.0,67.9,79.6,94.9,67.8,39.4
Yonsei University,Republic of Korea,Library,30,73.0,67.0,75.5,95.5,88.6,28.4
Shanghai Jiao Tong University,China (Mainland),Library,31,46.0,77.4,82.7,90.2,57.7,97.1
Université de Montréal,Canada,Library,32,,,,,,
University of Tsukuba,Japan,Library,32,315.0,34.1,33.9,17.5,63.5,19.2
National Taiwan University (NTU),Taiwan,Library,34,77.0,65.7,92.3,92.6,33.4,49.7
Qatar University,Qatar,Library,35,209.0,42.6,24.4,33.2,61.1,36.9
University of Glasgow,United Kingdom,Library,36,81.0,64.6,75.1,75.1,50.5,34.7
University of Science and Technology of China,China (Mainland),Library,37,94.0,60.7,51.6,12.4,86.6,99.9
Purdue University,United States,Library,38,129.0,54.2,62.7,73.1,11.7,70.9
"City, University of London",United Kingdom,Library,39,356.0,30.7,20.6,18.7,8.6,44.3
University of Pittsburgh,United States,Library,40,183.0,45.6,39.9,16.3,96.3,37.4
Arizona State University,United States,Library,41,219.0,41.8,46.7,40.2,8.2,59.9
University of Technology Sydney,Australia,Library,42,137.0,53.2,41.8,66.1,9.6,90.4
Sungkyunkwan University (SKKU),Republic of Korea,Library,43,,,,,,
University of Southern California,United States,Library,43,134.0,53.7,54.6,59.1,28.4,71.7
Cornell University,United States,Library,45,20.0,87.2,98.3,91.4,62.2,99.3
KU Leuven,Belgium,Library,46,76.0,66.0,83.8,53.0,7.7,92.7
Queensland University of Technology (QUT),Australia,Library,47,222.0,41.5,39.5,40.0,7.7,65.1
The University of New South Wales (UNSW Sydney),Australia,Library,47,45.0,78.0,89.0,91.1,16.8,97.6
Kyoto University,Japan,Library,49,36.0,81.4,98.6,98.9,94.8,54.2
Monash University,Australia,Library,50,57.0,71.6,87.6,80.8,11.2,79.3
Massachusetts Institute of Technology (MIT),United States,Linguistics,1,,,,,,
Peking University,China (Mainland),Linguistics,2,12.0,91.3,99.3,96.5,87.3,96.7
Lancaster University,United Kingdom,Linguistics,3,146.0,51.2,39.6,30.0,31.5,82.2
University of Cambridge,United Kingdom,Linguistics,4,2.0,98.8,100.0,100.0,100.0,92.3
University of Oxford,United Kingdom,Linguistics,4,4.0,98.4,100.0,100.0,100.0,90.0
Harvard University,United States,Linguistics,6,5.0,97.6,100.0,100.0,99.4,100.0
The University of Edinburgh,United Kingdom,Linguistics,7,15.0,89.5,98.0,97.2,81.1,70.1
National University of Singapore (NUS),Singapore,Linguistics,8,11.0,92.7,99.5,94.1,79.8,91.8
The University of Hong Kong,"Hong Kong SAR, China",Linguistics,9,21.0,87.0,97.4,62.9,84.2,72.6
The Chinese University of Hong Kong (CUHK),"Hong Kong SAR, China",Linguistics,10,38.0,80.6,87.3,49.6,60.9,92.9
Stanford University,United States,Linguistics,11,3.0,98.5,100.0,100.0,100.0,99.9
Fudan University,China (Mainland),Linguistics,12,34.0,81.5,83.6,93.5,89.3,70.4
"University of California, Los Angeles (UCLA)",United States,Linguistics,13,44.0,78.7,100.0,99.9,37.7,85.9
"University of California, Berkeley (UCB)",United States,Linguistics,14,27.0,82.7,100.0,100.0,23.9,99.9
University of Massachusetts Amherst,United States,Linguistics,15,253.0,38.3,40.7,16.8,13.7,65.3
University of British Columbia,Canada,Linguistics,16,47.0,77.0,98.0,95.4,56.5,42.1
Seoul National University,Republic of Korea,Linguistics,17,29.0,82.2,98.6,97.8,87.0,70.3
Beijing Foreign Studies University,China (Mainland),Linguistics,18,810.0,,5.0,2.1,29.5,1.4
UCL,United Kingdom,Linguistics,19,8.0,95.0,99.4,98.6,97.6,77.0
University of Pennsylvania,United States,Linguistics,20,13.0,90.6,96.5,92.5,99.9,70.9
Beijing Normal University,China (Mainland),Linguistics,21,,,,,,
The Ohio State University,United States,Linguistics,21,140.0,52.0,61.1,62.2,51.1,34.6
The University of Tokyo,Japan,Linguistics,23,23.0,85.3,100.0,99.7,91.9,73.3
University of Toronto,Canada,Linguistics,23,35.0,81.5,99.6,98.3,65.6,43.5
Korea University,Republic of Korea,Linguistics,25,74.0,66.9,79.3,93.9,86.1,29.5
McGill University,Canada,Linguistics,26,31.0,81.9,93.3,93.6,68.9,59.6
"Nanyang Technological University, Singapore (NTU)",Singapore,Linguistics,27,19.0,88.4,90.4,76.1,83.2,94.1
Zhejiang University,China (Mainland),Linguistics,28,43.0,79.3,72.2,95.3,78.7,88.4
The University of Manchester,United Kingdom,Linguistics,29,28.0,82.3,95.1,97.7,63.1,59.0
The University of Melbourne,Australia,Linguistics,30,33.0,81.6,98.6,94.9,17.9,95.0
Yonsei University,Republic of Korea,Linguistics,30,73.0,67.0,75.5,95.5,88.6,28.4
University of Texas at Austin,United States,Linguistics,32,72.0,67.4,93.7,85.2,9.8,90.9
Tsinghua University,China (Mainland),Linguistics,33,14.0,90.1,98.9,97.7,92.8,98.1
University of Chicago,United States,Linguistics,33,10.0,93.2,99.2,92.2,92.9,86.8
Shanghai Jiao Tong University,China (Mainland),Linguistics,35,46.0,77.4,82.7,90.2,57.7,97.1
Macquarie University,Australia,Linguistics,36,195.0,44.2,30.9,48.9,13.6,74.6
University of Birmingham,United Kingdom,Linguistics,37,91.0,61.1,66.0,74.7,44.1,45.9
City University of Hong Kong,"Hong Kong SAR, China",Linguistics,38,54.0,73.6,57.3,29.4,88.6,98.1
Renmin (People's) University of China,China (Mainland),Linguistics,39,629.0,,21.7,52.1,18.8,7.6
Nanjing University,China (Mainland),Linguistics,40,133.0,53.9,57.7,17.7,32.3,96.1
The University of Sydney,Australia,Linguistics,40,41.0,79.6,96.2,91.7,15.6,92.1
University of Hawaiʻi at Mānoa,United States,Linguistics,40,381.0,29.6,15.6,14.3,45.4,46.1
Michigan State University,United States,Linguistics,43,159.0,48.9,60.5,61.4,12.9,58.9
HUFS - Hankuk (Korea) University of Foreign Studies,Republic of Korea,Linguistics,44,,,,,,
The University of Arizona,United States,Linguistics,44,263.0,37.8,39.6,22.4,67.6,21.5
"University of Maryland, College Park",United States,Linguistics,44,165.0,47.9,51.2,35.6,37.1,71.1
Lomonosov Moscow State University,Russian Federation,Linguistics,47,75.0,66.8,80.5,77.0,99.8,5.3
New York University (NYU),United States,Linguistics,48,39.0,80.3,95.9,99.0,98.1,28.9
University of Washington,United States,Linguistics,49,80.0,64.7,84.8,48.6,10.8,100.0
Leiden University,Netherlands,Linguistics,50,132.0,54.1,68.1,23.4,22.2,65.8
University of Cambridge,United Kingdom,Marketing,1,2.0,98.8,100.0,100.0,100.0,92.3
University of Pennsylvania,United States,Marketing,1,13.0,90.6,96.5,92.5,99.9,70.9
Massachusetts Institute of Technology (MIT),United States,Marketing,3,,,,,,
Stanford University,United States,Marketing,4,3.0,98.5,100.0,100.0,100.0,99.9
Northwestern University,United States,Marketing,5,32.0,81.8,84.4,71.9,98.3,84.2
National University of Singapore (NUS),Singapore,Marketing,6,11.0,92.7,99.5,94.1,79.8,91.8
Università Commerciale Luigi Bocconi (Bocconi University),Italy,Marketing,7,,,,,,
London Business School,United Kingdom,Marketing,8,,,,,,
HEC Paris,France,Marketing,9,,,,,,
INSEAD (France),France,Marketing,10,,,,,,
Columbia University,United States,Marketing,11,22.0,86.7,99.7,98.1,100.0,47.2
Erasmus University Rotterdam,Netherlands,Marketing,12,,,,,,
"Nanyang Technological University, Singapore (NTU)",Singapore,Marketing,13,19.0,88.4,90.4,76.1,83.2,94.1
"University of California, Berkeley (UCB)",United States,Marketing,14,27.0,82.7,100.0,100.0,23.9,99.9
New York University (NYU),United States,Marketing,15,39.0,80.3,95.9,99.0,98.1,28.9
Yale University,United States,Marketing,16,18.0,89.0,99.9,100.0,100.0,51.5
The University of Hong Kong,"Hong Kong SAR, China",Marketing,17,21.0,87.0,97.4,62.9,84.2,72.6
The London School of Economics and Political Science (LSE),United Kingdom,Marketing,18,56.0,72.3,69.0,98.3,37.8,84.6
University of St.Gallen (HSG),Switzerland,Marketing,18,510.0,,8.8,38.6,6.7,29.3
Duke University,United States,Marketing,20,50.0,74.8,86.1,79.8,100.0,41.2
The University of New South Wales (UNSW Sydney),Australia,Marketing,20,45.0,78.0,89.0,91.1,16.8,97.6
The Hong Kong Polytechnic University,"Hong Kong SAR, China",Marketing,22,66.0,69.0,66.1,37.0,78.4,68.9
Copenhagen Business School,Denmark,Marketing,23,,,,,,
Universitat Ramon Llull,Spain,Marketing,23,692.0,,10.4,47.1,7.1,8.7
Tecnológico de Monterrey,Mexico,Marketing,25,170.0,47.1,48.8,92.8,72.9,2.2
Tsinghua University,China (Mainland),Marketing,26,14.0,90.1,98.9,97.7,92.8,98.1
The University of Manchester,United Kingdom,Marketing,27,28.0,82.3,95.1,97.7,63.1,59.0
Korea University,Republic of Korea,Marketing,28,74.0,66.9,79.3,93.9,86.1,29.5
The Hong Kong University of Science and Technology,"Hong Kong SAR, China",Marketing,29,40.0,79.8,82.0,50.1,62.6,98.6
University of British Columbia,Canada,Marketing,30,47.0,77.0,98.0,95.4,56.5,42.1
The University of Melbourne,Australia,Marketing,31,33.0,81.6,98.6,94.9,17.9,95.0
The University of Warwick,United Kingdom,Marketing,31,64.0,69.1,71.8,89.3,43.1,63.1
"University of California, Los Angeles (UCLA)",United States,Marketing,33,44.0,78.7,100.0,99.9,37.7,85.9
Seoul National University,Republic of Korea,Marketing,34,29.0,82.2,98.6,97.8,87.0,70.3
University of Leeds,United Kingdom,Marketing,35,86.0,62.8,70.2,78.4,41.6,47.8
Monash University,Australia,Marketing,36,57.0,71.6,87.6,80.8,11.2,79.3
University of Toronto,Canada,Marketing,36,35.0,81.5,99.6,98.3,65.6,43.5
Fudan University,China (Mainland),Marketing,38,34.0,81.5,83.6,93.5,89.3,70.4
The University of Sydney,Australia,Marketing,39,41.0,79.6,96.2,91.7,15.6,92.1
Shanghai Jiao Tong University,China (Mainland),Marketing,40,46.0,77.4,82.7,90.2,57.7,97.1
The Chinese University of Hong Kong (CUHK),"Hong Kong SAR, China",Marketing,41,38.0,80.6,87.3,49.6,60.9,92.9
"ESSEC Business School, Paris",France,Marketing,42,,,,,,
ESCP Europe,France,Marketing,43,,,,,,
Aalto University,Finland,Marketing,44,116.0,55.9,44.5,45.8,44.4,89.3
Imperial College London,United Kingdom,Marketing,45,7.0,97.0,98.3,99.7,99.5,86.5
The University of Auckland,New Zealand,Marketing,46,87.0,62.7,81.5,48.3,22.4,54.1
IE University,Spain,Marketing,47,347.0,31.1,6.7,47.6,66.6,2.6
Lancaster University,United Kingdom,Marketing,48,146.0,51.2,39.6,30.0,31.5,82.2
Swansea University,United Kingdom,Marketing,49,426.0,27.2,18.5,33.7,25.9,24.4
Pennsylvania State University,United States,Marketing,50,93.0,60.8,76.7,69.8,32.6,67.7
University of Navarra,Spain,Marketing,50,254.0,38.3,29.4,66.4,59.7,15.1
Massachusetts Institute of Technology (MIT),United States,Materials Science,1,,,,,,
"Nanyang Technological University, Singapore (NTU)",Singapore,Materials Science,2,19.0,88.4,90.4,76.1,83.2,94.1
Stanford University,United States,Materials Science,3,3.0,98.5,100.0,100.0,100.0,99.9
University of Cambridge,United Kingdom,Materials Science,4,2.0,98.8,100.0,100.0,100.0,92.3
Harvard University,United States,Materials Science,5,5.0,97.6,100.0,100.0,99.4,100.0
National University of Singapore (NUS),Singapore,Materials Science,6,11.0,92.7,99.5,94.1,79.8,91.8
Tsinghua University,China (Mainland),Materials Science,6,14.0,90.1,98.9,97.7,92.8,98.1
University of Oxford,United Kingdom,Materials Science,8,4.0,98.4,100.0,100.0,100.0,90.0
"University of California, Berkeley (UCB)",United States,Materials Science,9,27.0,82.7,100.0,100.0,23.9,99.9
EPFL,Switzerland,Materials Science,10,16.0,89.2,83.7,71.8,91.1,99.4
ETH Zurich - Swiss Federal Institute of Technology,Switzerland,Materials Science,11,9.0,93.6,98.6,91.3,74.2,99.2
Imperial College London,United Kingdom,Materials Science,11,7.0,97.0,98.3,99.7,99.5,86.5
Georgia Institute of Technology,United States,Materials Science,13,88.0,62.3,67.7,77.0,11.1,95.5
Peking University,China (Mainland),Materials Science,14,12.0,91.3,99.3,96.5,87.3,96.7
Delft University of Technology,Netherlands,Materials Science,15,61.0,70.0,71.6,80.2,34.5,84.4
Shanghai Jiao Tong University,China (Mainland),Materials Science,16,46.0,77.4,82.7,90.2,57.7,97.1
"University of California, Los Angeles (UCLA)",United States,Materials Science,17,44.0,78.7,100.0,99.9,37.7,85.9
KAIST - Korea Advanced Institute of Science & Technology,Republic of Korea,Materials Science,18,42.0,79.3,88.1,85.8,68.9,97.7
Northwestern University,United States,Materials Science,19,32.0,81.8,84.4,71.9,98.3,84.2
Seoul National University,Republic of Korea,Materials Science,19,29.0,82.2,98.6,97.8,87.0,70.3
The University of Manchester,United Kingdom,Materials Science,21,28.0,82.3,95.1,97.7,63.1,59.0
The University of Tokyo,Japan,Materials Science,22,23.0,85.3,100.0,99.7,91.9,73.3
Zhejiang University,China (Mainland),Materials Science,23,43.0,79.3,72.2,95.3,78.7,88.4
Pohang University of Science And Technology (POSTECH),Republic of Korea,Materials Science,24,71.0,67.7,47.4,69.4,100.0,98.0
"KIT, Karlsruhe Institute of Technology",Germany,Materials Science,25,142.0,51.9,44.7,67.7,33.3,72.0
California Institute of Technology (Caltech),United States,Materials Science,26,6.0,97.0,96.5,87.1,100.0,100.0
The University of New South Wales (UNSW Sydney),Australia,Materials Science,27,45.0,78.0,89.0,91.1,16.8,97.6
University of Illinois at Urbana-Champaign,United States,Materials Science,28,85.0,63.6,85.6,60.9,9.5,88.7
KTH Royal Institute of Technology,Sweden,Materials Science,29,,,,,,
Monash University,Australia,Materials Science,29,57.0,71.6,87.6,80.8,11.2,79.3
Technical University of Munich,Germany,Materials Science,31,49.0,76.4,84.0,96.8,96.4,25.8
University of Science and Technology of China,China (Mainland),Materials Science,31,94.0,60.7,51.6,12.4,86.6,99.9
Technische Universität Dresden,Germany,Materials Science,33,200.0,43.6,37.4,37.0,89.1,14.9
"University of California, Santa Barbara (UCSB)",United States,Materials Science,33,149.0,50.9,55.9,24.0,10.6,97.2
Yonsei University,Republic of Korea,Materials Science,35,73.0,67.0,75.5,95.5,88.6,28.4
University of Toronto,Canada,Materials Science,36,35.0,81.5,99.6,98.3,65.6,43.5
Fudan University,China (Mainland),Materials Science,37,34.0,81.5,83.6,93.5,89.3,70.4
Pennsylvania State University,United States,Materials Science,37,93.0,60.8,76.7,69.8,32.6,67.7
RWTH Aachen University,Germany,Materials Science,39,147.0,51.1,49.5,88.7,5.4,73.3
The Hong Kong University of Science and Technology,"Hong Kong SAR, China",Materials Science,39,40.0,79.8,82.0,50.1,62.6,98.6
King Abdullah University of Science & Technology (KAUST),Saudi Arabia,Materials Science,41,,,,,,
Politecnico di Milano,Italy,Materials Science,41,139.0,52.4,67.8,76.8,5.4,53.5
Cornell University,United States,Materials Science,43,20.0,87.2,98.3,91.4,62.2,99.3
KU Leuven,Belgium,Materials Science,43,76.0,66.0,83.8,53.0,7.7,92.7
University of Texas at Austin,United States,Materials Science,43,72.0,67.4,93.7,85.2,9.8,90.9
Harbin Institute of Technology,China (Mainland),Materials Science,46,217.0,42.0,26.6,8.9,50.5,96.5
University of Chinese Academy of Sciences,China (Mainland),Materials Science,47,,,,,,
University of Michigan-Ann Arbor,United States,Materials Science,47,25.0,84.4,98.5,91.3,88.9,62.5
Korea University,Republic of Korea,Materials Science,49,74.0,66.9,79.3,93.9,86.1,29.5
Purdue University,United States,Materials Science,49,129.0,54.2,62.7,73.1,11.7,70.9
Sungkyunkwan University (SKKU),Republic of Korea,Materials Science,49,,,,,,
Massachusetts Institute of Technology (MIT),United States,Mathematics,1,,,,,,
Harvard University,United States,Mathematics,2,5.0,97.6,100.0,100.0,99.4,100.0
University of Oxford,United Kingdom,Mathematics,3,4.0,98.4,100.0,100.0,100.0,90.0
University of Cambridge,United Kingdom,Mathematics,4,2.0,98.8,100.0,100.0,100.0,92.3
Stanford University,United States,Mathematics,5,3.0,98.5,100.0,100.0,100.0,99.9
"University of California, Berkeley (UCB)",United States,Mathematics,6,27.0,82.7,100.0,100.0,23.9,99.9
Princeton University,United States,Mathematics,7,17.0,89.2,99.9,98.9,72.6,100.0
ETH Zurich - Swiss Federal Institute of Technology,Switzerland,Mathematics,8,9.0,93.6,98.6,91.3,74.2,99.2
National University of Singapore (NUS),Singapore,Mathematics,9,11.0,92.7,99.5,94.1,79.8,91.8
Imperial College London,United Kingdom,Mathematics,10,7.0,97.0,98.3,99.7,99.5,86.5
Tsinghua University,China (Mainland),Mathematics,11,14.0,90.1,98.9,97.7,92.8,98.1
Carnegie Mellon University,United States,Mathematics,12,52.0,74.6,72.1,69.0,58.6,100.0
Peking University,China (Mainland),Mathematics,13,12.0,91.3,99.3,96.5,87.3,96.7
"University of California, Los Angeles (UCLA)",United States,Mathematics,13,44.0,78.7,100.0,99.9,37.7,85.9
New York University (NYU),United States,Mathematics,15,39.0,80.3,95.9,99.0,98.1,28.9
California Institute of Technology (Caltech),United States,Mathematics,16,6.0,97.0,96.5,87.1,100.0,100.0
University of Toronto,Canada,Mathematics,16,35.0,81.5,99.6,98.3,65.6,43.5
Sorbonne University,France,Mathematics,18,60.0,70.1,90.0,41.7,40.6,86.3
Shanghai Jiao Tong University,China (Mainland),Mathematics,19,46.0,77.4,82.7,90.2,57.7,97.1
"Nanyang Technological University, Singapore (NTU)",Singapore,Mathematics,20,19.0,88.4,90.4,76.1,83.2,94.1
Columbia University,United States,Mathematics,21,22.0,86.7,99.7,98.1,100.0,47.2
University of Chicago,United States,Mathematics,22,10.0,93.2,99.2,92.2,92.9,86.8
EPFL,Switzerland,Mathematics,23,16.0,89.2,83.7,71.8,91.1,99.4
King Abdulaziz University (KAU),Saudi Arabia,Mathematics,24,106.0,57.8,48.4,70.7,66.3,50.6
The University of Tokyo,Japan,Mathematics,25,23.0,85.3,100.0,99.7,91.9,73.3
University of Michigan-Ann Arbor,United States,Mathematics,26,25.0,84.4,98.5,91.3,88.9,62.5
Georgia Institute of Technology,United States,Mathematics,27,88.0,62.3,67.7,77.0,11.1,95.5
Université Paris-Saclay,France,Mathematics,28,69.0,68.1,57.2,99.2,99.7,49.5
Yale University,United States,Mathematics,29,18.0,89.0,99.9,100.0,100.0,51.5
Université PSL,France,Mathematics,30,26.0,83.8,74.4,97.0,99.8,84.1
The University of Warwick,United Kingdom,Mathematics,31,64.0,69.1,71.8,89.3,43.1,63.1
The University of Edinburgh,United Kingdom,Mathematics,32,15.0,89.5,98.0,97.2,81.1,70.1
The University of Hong Kong,"Hong Kong SAR, China",Mathematics,33,21.0,87.0,97.4,62.9,84.2,72.6
Fudan University,China (Mainland),Mathematics,34,34.0,81.5,83.6,93.5,89.3,70.4
University of British Columbia,Canada,Mathematics,34,47.0,77.0,98.0,95.4,56.5,42.1
Cornell University,United States,Mathematics,36,20.0,87.2,98.3,91.4,62.2,99.3
Institut Polytechnique de Paris,France,Mathematics,37,48.0,76.8,45.3,99.4,98.9,94.0
Politecnico di Milano,Italy,Mathematics,38,139.0,52.4,67.8,76.8,5.4,53.5
The University of Sydney,Australia,Mathematics,38,41.0,79.6,96.2,91.7,15.6,92.1
UCL,United Kingdom,Mathematics,38,8.0,95.0,99.4,98.6,97.6,77.0
University of Pennsylvania,United States,Mathematics,41,13.0,90.6,96.5,92.5,99.9,70.9
The Chinese University of Hong Kong (CUHK),"Hong Kong SAR, China",Mathematics,42,38.0,80.6,87.3,49.6,60.9,92.9
The Hong Kong University of Science and Technology,"Hong Kong SAR, China",Mathematics,43,40.0,79.8,82.0,50.1,62.6,98.6
University of Texas at Austin,United States,Mathematics,43,72.0,67.4,93.7,85.2,9.8,90.9
Zhejiang University,China (Mainland),Mathematics,43,43.0,79.3,72.2,95.3,78.7,88.4
Seoul National University,Republic of Korea,Mathematics,46,29.0,82.2,98.6,97.8,87.0,70.3
University of Waterloo,Canada,Mathematics,47,154.0,50.0,40.2,77.6,7.0,82.5
The University of New South Wales (UNSW Sydney),Australia,Mathematics,48,45.0,78.0,89.0,91.1,16.8,97.6
The University of Manchester,United Kingdom,Mathematics,49,28.0,82.3,95.1,97.7,63.1,59.0
KAIST - Korea Advanced Institute of Science & Technology,Republic of Korea,Mathematics,50,42.0,79.3,88.1,85.8,68.9,97.7
The Australian National University,Australia,Mathematics,50,30.0,82.1,93.6,70.1,38.0,99.3
Harvard University,United States,Medicine,1,5.0,97.6,100.0,100.0,99.4,100.0
University of Oxford,United Kingdom,Medicine,2,4.0,98.4,100.0,100.0,100.0,90.0
Stanford University,United States,Medicine,3,3.0,98.5,100.0,100.0,100.0,99.9
Johns Hopkins University,United States,Medicine,4,24.0,85.1,87.9,47.2,100.0,87.3
University of Cambridge,United Kingdom,Medicine,5,2.0,98.8,100.0,100.0,100.0,92.3
"University of California, San Francisco (UCSF)",United States,Medicine,6,,,,,,
Imperial College London,United Kingdom,Medicine,7,7.0,97.0,98.3,99.7,99.5,86.5
UCL,United Kingdom,Medicine,8,8.0,95.0,99.4,98.6,97.6,77.0
Karolinska Institute,Sweden,Medicine,9,,,,,,
Yale University,United States,Medicine,10,18.0,89.0,99.9,100.0,100.0,51.5
Massachusetts Institute of Technology (MIT),United States,Medicine,11,,,,,,
"University of California, Los Angeles (UCLA)",United States,Medicine,12,44.0,78.7,100.0,99.9,37.7,85.9
University of Pennsylvania,United States,Medicine,13,13.0,90.6,96.5,92.5,99.9,70.9
University of Toronto,Canada,Medicine,14,35.0,81.5,99.6,98.3,65.6,43.5
King's College London,United Kingdom,Medicine,15,37.0,81.2,88.8,83.2,74.5,60.5
Duke University,United States,Medicine,16,50.0,74.8,86.1,79.8,100.0,41.2
Columbia University,United States,Medicine,17,22.0,86.7,99.7,98.1,100.0,47.2
National University of Singapore (NUS),Singapore,Medicine,18,11.0,92.7,99.5,94.1,79.8,91.8
University of Michigan-Ann Arbor,United States,Medicine,19,25.0,84.4,98.5,91.3,88.9,62.5
The University of Edinburgh,United Kingdom,Medicine,20,15.0,89.5,98.0,97.2,81.1,70.1
London School of Hygiene & Tropical Medicine,United Kingdom,Medicine,21,,,,,,
"University of California, San Diego (UCSD)",United States,Medicine,22,53.0,74.5,90.0,61.6,55.6,77.0
University of Washington,United States,Medicine,23,80.0,64.7,84.8,48.6,10.8,100.0
The University of Hong Kong,"Hong Kong SAR, China",Medicine,24,21.0,87.0,97.4,62.9,84.2,72.6
The Chinese University of Hong Kong (CUHK),"Hong Kong SAR, China",Medicine,25,38.0,80.6,87.3,49.6,60.9,92.9
The University of Melbourne,Australia,Medicine,25,33.0,81.6,98.6,94.9,17.9,95.0
The University of Sydney,Australia,Medicine,27,41.0,79.6,96.2,91.7,15.6,92.1
McGill University,Canada,Medicine,28,31.0,81.9,93.3,93.6,68.9,59.6
Peking University,China (Mainland),Medicine,29,12.0,91.3,99.3,96.5,87.3,96.7
"University of California, Berkeley (UCB)",United States,Medicine,29,27.0,82.7,100.0,100.0,23.9,99.9
Cornell University,United States,Medicine,31,20.0,87.2,98.3,91.4,62.2,99.3
Ruprecht-Karls-Universität Heidelberg,Germany,Medicine,32,65.0,69.0,78.7,40.3,99.8,41.1
The University of Manchester,United Kingdom,Medicine,33,28.0,82.3,95.1,97.7,63.1,59.0
University of Chicago,United States,Medicine,34,10.0,93.2,99.2,92.2,92.9,86.8
New York University (NYU),United States,Medicine,35,39.0,80.3,95.9,99.0,98.1,28.9
KU Leuven,Belgium,Medicine,36,76.0,66.0,83.8,53.0,7.7,92.7
University of Amsterdam,Netherlands,Medicine,36,58.0,71.1,82.7,42.3,26.7,97.3
Emory University,United States,Medicine,38,155.0,49.5,25.2,15.7,99.1,68.7
Seoul National University,Republic of Korea,Medicine,38,29.0,82.2,98.6,97.8,87.0,70.3
University of British Columbia,Canada,Medicine,38,47.0,77.0,98.0,95.4,56.5,42.1
McMaster University,Canada,Medicine,41,152.0,50.4,39.9,50.2,84.7,21.3
Erasmus University Rotterdam,Netherlands,Medicine,42,,,,,,
Northwestern University,United States,Medicine,42,32.0,81.8,84.4,71.9,98.3,84.2
University of Glasgow,United Kingdom,Medicine,44,81.0,64.6,75.1,75.1,50.5,34.7
Sorbonne University,France,Medicine,45,60.0,70.1,90.0,41.7,40.6,86.3
Washington University in St. Louis,United States,Medicine,46,119.0,55.8,40.1,15.3,99.9,55.6
Monash University,Australia,Medicine,47,57.0,71.6,87.6,80.8,11.2,79.3
The University of Tokyo,Japan,Medicine,48,23.0,85.3,100.0,99.7,91.9,73.3
University of Pittsburgh,United States,Medicine,49,183.0,45.6,39.9,16.3,96.3,37.4
The University of Texas M. D. Anderson Cancer Center,United States,Medicine,50,,,,,,
University of Cambridge,United Kingdom,Modern Languages,1,2.0,98.8,100.0,100.0,100.0,92.3
University of Oxford,United Kingdom,Modern Languages,2,4.0,98.4,100.0,100.0,100.0,90.0
Harvard University,United States,Modern Languages,3,5.0,97.6,100.0,100.0,99.4,100.0
Stanford University,United States,Modern Languages,4,3.0,98.5,100.0,100.0,100.0,99.9
"University of California, Berkeley (UCB)",United States,Modern Languages,5,27.0,82.7,100.0,100.0,23.9,99.9
Yale University,United States,Modern Languages,6,18.0,89.0,99.9,100.0,100.0,51.5
Peking University,China (Mainland),Modern Languages,7,12.0,91.3,99.3,96.5,87.3,96.7
The University of Tokyo,Japan,Modern Languages,8,23.0,85.3,100.0,99.7,91.9,73.3
"University of California, Los Angeles (UCLA)",United States,Modern Languages,9,44.0,78.7,100.0,99.9,37.7,85.9
Massachusetts Institute of Technology (MIT),United States,Modern Languages,10,,,,,,
Columbia University,United States,Modern Languages,11,22.0,86.7,99.7,98.1,100.0,47.2
Princeton University,United States,Modern Languages,12,17.0,89.2,99.9,98.9,72.6,100.0
The University of Edinburgh,United Kingdom,Modern Languages,13,15.0,89.5,98.0,97.2,81.1,70.1
National University of Singapore (NUS),Singapore,Modern Languages,14,11.0,92.7,99.5,94.1,79.8,91.8
University of Chicago,United States,Modern Languages,15,10.0,93.2,99.2,92.2,92.9,86.8
UCL,United Kingdom,Modern Languages,16,8.0,95.0,99.4,98.6,97.6,77.0
The University of Hong Kong,"Hong Kong SAR, China",Modern Languages,17,21.0,87.0,97.4,62.9,84.2,72.6
University of Toronto,Canada,Modern Languages,18,35.0,81.5,99.6,98.3,65.6,43.5
Seoul National University,Republic of Korea,Modern Languages,19,29.0,82.2,98.6,97.8,87.0,70.3
New York University (NYU),United States,Modern Languages,20,39.0,80.3,95.9,99.0,98.1,28.9
Universidad Nacional Autónoma de México (UNAM),Mexico,Modern Languages,21,105.0,58.0,96.0,95.1,43.2,2.9
Fudan University,China (Mainland),Modern Languages,22,34.0,81.5,83.6,93.5,89.3,70.4
University of British Columbia,Canada,Modern Languages,23,47.0,77.0,98.0,95.4,56.5,42.1
The Chinese University of Hong Kong (CUHK),"Hong Kong SAR, China",Modern Languages,24,38.0,80.6,87.3,49.6,60.9,92.9
University of Pennsylvania,United States,Modern Languages,24,13.0,90.6,96.5,92.5,99.9,70.9
King's College London,United Kingdom,Modern Languages,26,37.0,81.2,88.8,83.2,74.5,60.5
Kyoto University,Japan,Modern Languages,27,36.0,81.4,98.6,98.9,94.8,54.2
Cornell University,United States,Modern Languages,28,20.0,87.2,98.3,91.4,62.2,99.3
National Taiwan University (NTU),Taiwan,Modern Languages,29,77.0,65.7,92.3,92.6,33.4,49.7
Sorbonne University,France,Modern Languages,30,60.0,70.1,90.0,41.7,40.6,86.3
Tsinghua University,China (Mainland),Modern Languages,30,14.0,90.1,98.9,97.7,92.8,98.1
Universidad de Buenos Aires (UBA),Argentina,Modern Languages,32,67.0,68.9,92.3,94.0,76.0,1.8
The University of Melbourne,Australia,Modern Languages,33,33.0,81.6,98.6,94.9,17.9,95.0
Yonsei University,Republic of Korea,Modern Languages,33,73.0,67.0,75.5,95.5,88.6,28.4
The University of Manchester,United Kingdom,Modern Languages,35,28.0,82.3,95.1,97.7,63.1,59.0
Korea University,Republic of Korea,Modern Languages,36,74.0,66.9,79.3,93.9,86.1,29.5
McGill University,Canada,Modern Languages,37,31.0,81.9,93.3,93.6,68.9,59.6
The University of Sydney,Australia,Modern Languages,38,41.0,79.6,96.2,91.7,15.6,92.1
Humboldt-Universität zu Berlin,Germany,Modern Languages,39,131.0,54.1,90.1,55.6,8.7,29.5
Lomonosov Moscow State University,Russian Federation,Modern Languages,40,75.0,66.8,80.5,77.0,99.8,5.3
Waseda University,Japan,Modern Languages,40,206.0,42.8,58.7,96.5,27.2,4.4
"Nanyang Technological University, Singapore (NTU)",Singapore,Modern Languages,42,19.0,88.4,90.4,76.1,83.2,94.1
Alma Mater Studiorum - University of Bologna,Italy,Modern Languages,43,167.0,47.5,78.5,43.1,3.5,49.7
Freie Universitaet Berlin,Germany,Modern Languages,43,118.0,55.8,80.7,44.9,4.0,63.5
The Australian National University,Australia,Modern Languages,43,30.0,82.1,93.6,70.1,38.0,99.3
University of Michigan-Ann Arbor,United States,Modern Languages,43,25.0,84.4,98.5,91.3,88.9,62.5
Duke University,United States,Modern Languages,47,50.0,74.8,86.1,79.8,100.0,41.2
Complutense University of Madrid,Spain,Modern Languages,48,226.0,41.2,69.2,57.4,22.3,10.2
Ludwig-Maximilians-Universität München,Germany,Modern Languages,48,59.0,70.4,92.6,75.7,56.0,45.5
Pontificia Universidad Católica de Chile (UC),Chile,Modern Languages,50,121.0,54.9,91.8,98.1,22.3,12.5
Université Paris 1 Panthéon-Sorbonne,France,Modern Languages,50,,,,,,
Royal College of Music,United Kingdom,Music,1,,,,,,
Royal Academy of Music,United Kingdom,Music,2,,,,,,
Guildhall School of Music and Drama,United Kingdom,Music,3,,,,,,
Conservatoire national supérieur de musique et de danse de Paris (CNSMDP),France,Music,4,,,,,,
Royal Northern College of Music (RNCM),United Kingdom,Music,5,,,,,,
Juilliard School,United States,Music,6,,,,,,
The Royal Danish Academy of Music,Denmark,Music,7,,,,,,
Curtis Institute of Music,United States,Music,8,,,,,,
"Sibelius Academy, University of the Arts Helsinki",Finland,Music,9,,,,,,
Moscow P. I. Tchaikovsky Conservatory,Russian Federation,Music,10,,,,,,
Trinity Laban Conservatoire of Music and Dance,United Kingdom,Music,11,,,,,,
The Liszt Academy of Music,Hungary,Music,12,,,,,,
University of Rochester,United States,Music,13,148.0,51.1,23.8,20.1,99.3,55.0
McGill University,Canada,Music,14,31.0,81.9,93.3,93.6,68.9,59.6
Gnesin Russian Academy of Music,Russian Federation,Music,15,,,,,,
New York University (NYU),United States,Music,16,39.0,80.3,95.9,99.0,98.1,28.9
Shanghai Conservatory of Music (SHCM),China (Mainland),Music,17,,,,,,
Universität für Musik und darstellende Kunst Wien,Austria,Music,18,,,,,,
Rimsky-Korsakov St. Petersburg State Conservatory,Russian Federation,Music,19,,,,,,
Conservatoire national supérieur de musique et de danse de Lyon,France,Music,20,,,,,,
King's College London,United Kingdom,Nursing,1,37.0,81.2,88.8,83.2,74.5,60.5
University of Pennsylvania,United States,Nursing,2,13.0,90.6,96.5,92.5,99.9,70.9
Johns Hopkins University,United States,Nursing,3,24.0,85.1,87.9,47.2,100.0,87.3
University of Toronto,Canada,Nursing,4,35.0,81.5,99.6,98.3,65.6,43.5
The Chinese University of Hong Kong (CUHK),"Hong Kong SAR, China",Nursing,5,38.0,80.6,87.3,49.6,60.9,92.9
University of Washington,United States,Nursing,6,80.0,64.7,84.8,48.6,10.8,100.0
Duke University,United States,Nursing,7,50.0,74.8,86.1,79.8,100.0,41.2
National University of Singapore (NUS),Singapore,Nursing,8,11.0,92.7,99.5,94.1,79.8,91.8
"University of North Carolina, Chapel Hill",United States,Nursing,9,103.0,58.2,65.5,44.7,80.4,46.6
The University of Manchester,United Kingdom,Nursing,10,28.0,82.3,95.1,97.7,63.1,59.0
Columbia University,United States,Nursing,11,22.0,86.7,99.7,98.1,100.0,47.2
Yale University,United States,Nursing,12,18.0,89.0,99.9,100.0,100.0,51.5
University of Southampton,United Kingdom,Nursing,13,78.0,65.0,50.7,56.6,63.3,82.7
University of Alberta,Canada,Nursing,14,110.0,56.9,55.1,48.9,51.5,53.9
New York University (NYU),United States,Nursing,15,39.0,80.3,95.9,99.0,98.1,28.9
The Hong Kong Polytechnic University,"Hong Kong SAR, China",Nursing,16,66.0,69.0,66.1,37.0,78.4,68.9
University of British Columbia,Canada,Nursing,16,47.0,77.0,98.0,95.4,56.5,42.1
"University of California, San Francisco (UCSF)",United States,Nursing,18,,,,,,
University of Michigan-Ann Arbor,United States,Nursing,18,25.0,84.4,98.5,91.3,88.9,62.5
The University of Sydney,Australia,Nursing,20,41.0,79.6,96.2,91.7,15.6,92.1
"Trinity College Dublin, The University of Dublin",Ireland,Nursing,20,98.0,59.1,67.9,48.2,25.7,60.2
Emory University,United States,Nursing,22,155.0,49.5,25.2,15.7,99.1,68.7
Karolinska Institute,Sweden,Nursing,23,,,,,,
Monash University,Australia,Nursing,24,57.0,71.6,87.6,80.8,11.2,79.3
The University of Melbourne,Australia,Nursing,25,33.0,81.6,98.6,94.9,17.9,95.0
University of Technology Sydney,Australia,Nursing,26,137.0,53.2,41.8,66.1,9.6,90.4
Taipei Medical University (TMU),Taiwan,Nursing,27,386.0,29.3,9.7,17.0,92.3,17.0
University College Cork,Ireland,Nursing,27,304.0,35.0,29.0,38.1,36.7,25.9
"University of California, Los Angeles (UCLA)",United States,Nursing,27,44.0,78.7,100.0,99.9,37.7,85.9
McMaster University,Canada,Nursing,30,152.0,50.4,39.9,50.2,84.7,21.3
KU Leuven,Belgium,Nursing,31,76.0,66.0,83.8,53.0,7.7,92.7
Sultan Qaboos University,Oman,Nursing,32,385.0,29.3,15.0,16.9,67.3,14.3
Griffith University,Australia,Nursing,33,301.0,35.2,26.1,16.6,7.6,71.7
The University of Hong Kong,"Hong Kong SAR, China",Nursing,34,21.0,87.0,97.4,62.9,84.2,72.6
Case Western Reserve University,United States,Nursing,35,176.0,46.2,18.3,20.2,89.1,65.8
University of Pittsburgh,United States,Nursing,35,183.0,45.6,39.9,16.3,96.3,37.4
Yonsei University,Republic of Korea,Nursing,37,73.0,67.0,75.5,95.5,88.6,28.4
Peking University,China (Mainland),Nursing,38,12.0,91.3,99.3,96.5,87.3,96.7
University of Turku,Finland,Nursing,39,292.0,35.8,28.8,32.1,60.3,36.3
The Ohio State University,United States,Nursing,40,140.0,52.0,61.1,62.2,51.1,34.6
McGill University,Canada,Nursing,41,31.0,81.9,93.3,93.6,68.9,59.6
La Trobe University,Australia,Nursing,42,316.0,33.9,20.8,20.9,6.4,61.9
Queensland University of Technology (QUT),Australia,Nursing,42,222.0,41.5,39.5,40.0,7.7,65.1
University College Dublin,Ireland,Nursing,44,182.0,45.6,48.7,46.8,22.5,43.0
The University of Queensland,Australia,Nursing,45,51.0,74.8,86.6,75.6,20.2,90.8
The University of Edinburgh,United Kingdom,Nursing,46,15.0,89.5,98.0,97.2,81.1,70.1
"The University of Newcastle, Australia (UON)",Australia,Nursing,47,192.0,44.5,29.1,25.7,34.1,86.7
Universidade de São Paulo,Brazil,Nursing,47,115.0,56.1,91.8,69.9,17.4,40.6
University of Jordan,Jordan,Nursing,47,598.0,,26.9,38.6,17.0,2.9
Pennsylvania State University,United States,Nursing,50,93.0,60.8,76.7,69.8,32.6,67.7
Royal College of Music,United Kingdom,Performing Arts,1,,,,,,
Royal Academy of Music,United Kingdom,Performing Arts,2,,,,,,
Conservatoire national supérieur de musique et de danse de Paris (CNSMDP),France,Performing Arts,3,,,,,,
Guildhall School of Music and Drama,United Kingdom,Performing Arts,4,,,,,,
Universität für Musik und darstellende Kunst Wien,Austria,Performing Arts,4,,,,,,
Royal Conservatoire of Scotland (Formerly Royal Scottish Academy of Music and Drama),United Kingdom,Performing Arts,6,,,,,,
New York University (NYU),United States,Performing Arts,7,39.0,80.3,95.9,99.0,98.1,28.9
Juilliard School,United States,Performing Arts,8,,,,,,
The Royal Danish Academy of Music,Denmark,Performing Arts,9,,,,,,
Royal Northern College of Music (RNCM),United Kingdom,Performing Arts,10,,,,,,
Curtis Institute of Music,United States,Performing Arts,11,,,,,,
Moscow P. I. Tchaikovsky Conservatory,Russian Federation,Performing Arts,12,,,,,,
University Mozarteum Salzburg,Austria,Performing Arts,12,,,,,,
"Sibelius Academy, University of the Arts Helsinki",Finland,Performing Arts,14,,,,,,
University of Oxford,United Kingdom,Performing Arts,15,4.0,98.4,100.0,100.0,100.0,90.0
University of Cambridge,United Kingdom,Performing Arts,16,2.0,98.8,100.0,100.0,100.0,92.3
Harvard University,United States,Performing Arts,17,5.0,97.6,100.0,100.0,99.4,100.0
Trinity Laban Conservatoire of Music and Dance,United Kingdom,Performing Arts,18,,,,,,
Korea National University of Arts,Republic of Korea,Performing Arts,19,,,,,,
Hong Kong Academy of Performing Arts,"Hong Kong SAR, China",Performing Arts,20,,,,,,
McGill University,Canada,Performing Arts,21,31.0,81.9,93.3,93.6,68.9,59.6
University of Rochester,United States,Performing Arts,22,148.0,51.1,23.8,20.1,99.3,55.0
Yale University,United States,Performing Arts,22,18.0,89.0,99.9,100.0,100.0,51.5
The Liszt Academy of Music,Hungary,Performing Arts,24,,,,,,
Rimsky-Korsakov St. Petersburg State Conservatory,Russian Federation,Performing Arts,25,,,,,,
Conservatoire national supérieur de musique et de danse de Lyon,France,Performing Arts,26,,,,,,
Gnesin Russian Academy of Music,Russian Federation,Performing Arts,26,,,,,,
"Goldsmiths, University of London",United Kingdom,Performing Arts,26,516.0,,16.2,7.5,18.3,17.4
Royal College of Music in Stockholm,Sweden,Performing Arts,29,,,,,,
Royal Holloway University of London,United Kingdom,Performing Arts,30,403.0,28.3,16.8,7.5,15.8,42.5
"University of California, Los Angeles (UCLA)",United States,Performing Arts,31,44.0,78.7,100.0,99.9,37.7,85.9
UCSI University,Malaysia,Performing Arts,32,286.0,36.1,20.5,54.9,67.1,2.8
Central School of Speech & Drama,United Kingdom,Performing Arts,33,,,,,,
Norwegian Academy of Music,Norway,Performing Arts,33,,,,,,
Stanford University,United States,Performing Arts,33,3.0,98.5,100.0,100.0,100.0,99.9
Columbia University,United States,Performing Arts,36,22.0,86.7,99.7,98.1,100.0,47.2
University of Huddersfield,United Kingdom,Performing Arts,37,697.0,,10.7,10.4,6.3,25.0
Hochschule für Musik Hanns Eisler Berlin,Germany,Performing Arts,38,,,,,,
Northwestern University,United States,Performing Arts,39,32.0,81.8,84.4,71.9,98.3,84.2
The University of Melbourne,Australia,Performing Arts,40,33.0,81.6,98.6,94.9,17.9,95.0
Shanghai Conservatory of Music (SHCM),China (Mainland),Performing Arts,41,,,,,,
Zurich University of the Arts (ZHdK),Switzerland,Performing Arts,42,,,,,,
"Trinity College Dublin, The University of Dublin",Ireland,Performing Arts,43,98.0,59.1,67.9,48.2,25.7,60.2
National University of Singapore (NUS),Singapore,Performing Arts,44,11.0,92.7,99.5,94.1,79.8,91.8
Universität der Knste Berlin,Germany,Performing Arts,44,,,,,,
Hochschule für Musik und Theater Felix Mendelssohn Bartholdy Leipzig,Germany,Performing Arts,46,,,,,,
Mahidol University,Thailand,Performing Arts,47,257.0,38.1,40.5,42.7,79.3,5.2
"University of California, Berkeley (UCB)",United States,Performing Arts,48,27.0,82.7,100.0,100.0,23.9,99.9
Indiana University Bloomington,United States,Performing Arts,49,339.0,31.7,36.6,26.3,28.4,29.4
University of Toronto,Canada,Performing Arts,50,35.0,81.5,99.6,98.3,65.6,43.5
University of Texas at Austin,United States,Petroleum Engineering,1,72.0,67.4,93.7,85.2,9.8,90.9
University of Alberta,Canada,Petroleum Engineering,2,110.0,56.9,55.1,48.9,51.5,53.9
Texas A&M University,United States,Petroleum Engineering,3,164.0,47.9,61.5,65.0,5.0,67.8
The University of Adelaide,Australia,Petroleum Engineering,4,109.0,57.0,52.3,35.2,17.2,94.5
King Fahd University of Petroleum & Minerals,Saudi Arabia,Petroleum Engineering,5,160.0,48.8,30.3,24.9,88.5,50.9
Imperial College London,United Kingdom,Petroleum Engineering,6,7.0,97.0,98.3,99.7,99.5,86.5
Khalifa University of Science and Technology,United Arab Emirates,Petroleum Engineering,7,181.0,45.6,16.6,15.2,91.7,51.9
Middle East Technical University,Türkiye,Petroleum Engineering,8,505.0,,26.8,52.7,8.5,25.0
Universidade de São Paulo,Brazil,Petroleum Engineering,9,115.0,56.1,91.8,69.9,17.4,40.6
The University of Manchester,United Kingdom,Petroleum Engineering,10,28.0,82.3,95.1,97.7,63.1,59.0
The University of New South Wales (UNSW Sydney),Australia,Petroleum Engineering,10,45.0,78.0,89.0,91.1,16.8,97.6
The University of Queensland,Australia,Petroleum Engineering,12,51.0,74.8,86.6,75.6,20.2,90.8
University of Surrey,United Kingdom,Petroleum Engineering,13,306.0,34.7,20.4,28.1,21.5,49.6
Kyoto University,Japan,Petroleum Engineering,14,36.0,81.4,98.6,98.9,94.8,54.2
Heriot-Watt University,United Kingdom,Petroleum Engineering,15,282.0,36.3,14.9,29.6,21.3,65.8
Universiti Teknologi PETRONAS (UTP),Malaysia,Petroleum Engineering,16,361.0,30.4,16.4,29.8,31.8,46.0
Politecnico di Torino,Italy,Petroleum Engineering,17,325.0,33.1,36.6,47.3,2.5,54.0
King Abdullah University of Science & Technology (KAUST),Saudi Arabia,Petroleum Engineering,18,,,,,,
"KIT, Karlsruhe Institute of Technology",Germany,Petroleum Engineering,19,142.0,51.9,44.7,67.7,33.3,72.0
Sharif University of Technology,Iran (Islamic Republic of),Petroleum Engineering,20,380.0,29.6,11.6,31.8,7.7,98.3
University of Copenhagen,Denmark,Petroleum Engineering,21,82.0,64.1,72.8,36.6,100.0,26.0
University of Leeds,United Kingdom,Petroleum Engineering,22,86.0,62.8,70.2,78.4,41.6,47.8
University of Tehran,Iran (Islamic Republic of),Petroleum Engineering,22,512.0,,22.6,27.5,4.2,55.8
Universidad de Buenos Aires (UBA),Argentina,Petroleum Engineering,24,67.0,68.9,92.3,94.0,76.0,1.8
Sultan Qaboos University,Oman,Petroleum Engineering,25,385.0,29.3,15.0,16.9,67.3,14.3
Universidad Nacional Autónoma de México (UNAM),Mexico,Petroleum Engineering,26,105.0,58.0,96.0,95.1,43.2,2.9
Pennsylvania State University,United States,Petroleum Engineering,27,93.0,60.8,76.7,69.8,32.6,67.7
Colorado School of Mines,United States,Petroleum Engineering,28,503.0,,6.9,9.2,24.9,67.7
University of Calgary,Canada,Petroleum Engineering,29,242.0,39.0,36.1,50.5,21.2,41.9
National Research Tomsk Polytechnic University,Russian Federation,Petroleum Engineering,30,398.0,28.6,9.4,7.8,91.9,5.3
Indian Institute of Technology Madras (IITM),India,Petroleum Engineering,31,250.0,38.6,38.0,58.3,27.6,58.3
Universidad Nacional de Colombia,Colombia,Petroleum Engineering,32,243.0,38.9,67.5,93.4,6.1,3.6
King Saud University,Saudi Arabia,Petroleum Engineering,33,237.0,39.4,34.5,13.1,60.8,29.3
University College Dublin,Ireland,Petroleum Engineering,34,182.0,45.6,48.7,46.8,22.5,43.0
Kazan (Volga region) Federal University,Russian Federation,Petroleum Engineering,35,322.0,33.4,20.8,7.6,91.4,3.2
University of Oslo,Norway,Petroleum Engineering,36,101.0,58.7,54.9,14.5,83.8,62.7
University of Southern California,United States,Petroleum Engineering,37,134.0,53.7,54.6,59.1,28.4,71.7
Cairo University,Egypt,Petroleum Engineering,38,553.0,,41.6,27.2,9.4,2.6
Aalborg University,Denmark,Petroleum Engineering,39,330.0,32.5,19.8,28.1,34.2,47.8
Istanbul Technical University,Türkiye,Petroleum Engineering,40,610.0,,21.9,49.1,15.0,10.9
RUDN University,Russian Federation,Petroleum Engineering,40,296.0,35.5,19.7,33.9,92.7,1.8
Universidad Industrial de Santander - UIS,Colombia,Petroleum Engineering,40,1127.0,,10.2,26.1,5.4,2.4
Universidade Federal do Rio de Janeiro,Brazil,Petroleum Engineering,40,333.0,32.1,58.1,25.3,19.3,8.9
University of Liverpool,United Kingdom,Petroleum Engineering,40,191.0,44.6,42.7,34.3,41.5,33.7
Saint Petersburg State University,Russian Federation,Petroleum Engineering,45,273.0,37.2,41.8,28.8,68.5,6.1
Universiti Teknologi Malaysia,Malaysia,Petroleum Engineering,46,,,,,,
Norwegian University of Science And Technology,Norway,Petroleum Engineering,47,352.0,30.9,33.9,27.0,25.5,25.1
Curtin University,Australia,Petroleum Engineering,48,193.0,44.4,30.5,41.2,13.9,89.4
Chulalongkorn University,Thailand,Petroleum Engineering,49,224.0,41.4,65.1,63.8,34.6,6.2
Texas Tech University,United States,Petroleum Engineering,49,1102.0,,10.1,14.2,6.3,14.7
Harvard University,United States,Pharmacy,1,5.0,97.6,100.0,100.0,99.4,100.0
University of Oxford,United Kingdom,Pharmacy,2,4.0,98.4,100.0,100.0,100.0,90.0
UCL,United Kingdom,Pharmacy,3,8.0,95.0,99.4,98.6,97.6,77.0
Monash University,Australia,Pharmacy,4,57.0,71.6,87.6,80.8,11.2,79.3
Johns Hopkins University,United States,Pharmacy,5,24.0,85.1,87.9,47.2,100.0,87.3
University of Cambridge,United Kingdom,Pharmacy,6,2.0,98.8,100.0,100.0,100.0,92.3
"University of California, San Diego (UCSD)",United States,Pharmacy,7,53.0,74.5,90.0,61.6,55.6,77.0
National University of Singapore (NUS),Singapore,Pharmacy,8,11.0,92.7,99.5,94.1,79.8,91.8
"University of California, San Francisco (UCSF)",United States,Pharmacy,9,,,,,,
"University of North Carolina, Chapel Hill",United States,Pharmacy,10,103.0,58.2,65.5,44.7,80.4,46.6
"University of California, Los Angeles (UCLA)",United States,Pharmacy,11,44.0,78.7,100.0,99.9,37.7,85.9
University of Nottingham,United Kingdom,Pharmacy,12,114.0,56.2,59.0,75.3,36.9,45.2
University of Toronto,Canada,Pharmacy,13,35.0,81.5,99.6,98.3,65.6,43.5
Karolinska Institute,Sweden,Pharmacy,14,,,,,,
King Abdulaziz University (KAU),Saudi Arabia,Pharmacy,15,106.0,57.8,48.4,70.7,66.3,50.6
University of Michigan-Ann Arbor,United States,Pharmacy,15,25.0,84.4,98.5,91.3,88.9,62.5
Imperial College London,United Kingdom,Pharmacy,17,7.0,97.0,98.3,99.7,99.5,86.5
Yale University,United States,Pharmacy,17,18.0,89.0,99.9,100.0,100.0,51.5
Queen's University Belfast,United Kingdom,Pharmacy,19,233.0,39.9,31.7,27.6,34.5,37.3
The University of Sydney,Australia,Pharmacy,19,41.0,79.6,96.2,91.7,15.6,92.1
Peking University,China (Mainland),Pharmacy,21,12.0,91.3,99.3,96.5,87.3,96.7
Leiden University,Netherlands,Pharmacy,22,132.0,54.1,68.1,23.4,22.2,65.8
KU Leuven,Belgium,Pharmacy,23,76.0,66.0,83.8,53.0,7.7,92.7
Tsinghua University,China (Mainland),Pharmacy,23,14.0,90.1,98.9,97.7,92.8,98.1
The University of Manchester,United Kingdom,Pharmacy,25,28.0,82.3,95.1,97.7,63.1,59.0
Zhejiang University,China (Mainland),Pharmacy,26,43.0,79.3,72.2,95.3,78.7,88.4
University of Copenhagen,Denmark,Pharmacy,27,82.0,64.1,72.8,36.6,100.0,26.0
The University of Queensland,Australia,Pharmacy,28,51.0,74.8,86.6,75.6,20.2,90.8
University of Pennsylvania,United States,Pharmacy,29,13.0,90.6,96.5,92.5,99.9,70.9
Seoul National University,Republic of Korea,Pharmacy,30,29.0,82.2,98.6,97.8,87.0,70.3
King's College London,United Kingdom,Pharmacy,31,37.0,81.2,88.8,83.2,74.5,60.5
University of Texas at Austin,United States,Pharmacy,31,72.0,67.4,93.7,85.2,9.8,90.9
The University of Tokyo,Japan,Pharmacy,33,23.0,85.3,100.0,99.7,91.9,73.3
Columbia University,United States,Pharmacy,34,22.0,86.7,99.7,98.1,100.0,47.2
"Trinity College Dublin, The University of Dublin",Ireland,Pharmacy,34,98.0,59.1,67.9,48.2,25.7,60.2
University of Strathclyde,United Kingdom,Pharmacy,36,326.0,33.1,25.9,41.8,18.8,33.4
The University of Edinburgh,United Kingdom,Pharmacy,37,15.0,89.5,98.0,97.2,81.1,70.1
University of Alberta,Canada,Pharmacy,38,110.0,56.9,55.1,48.9,51.5,53.9
University of British Columbia,Canada,Pharmacy,38,47.0,77.0,98.0,95.4,56.5,42.1
ETH Zurich - Swiss Federal Institute of Technology,Switzerland,Pharmacy,40,9.0,93.6,98.6,91.3,74.2,99.2
Fudan University,China (Mainland),Pharmacy,41,34.0,81.5,83.6,93.5,89.3,70.4
The Chinese University of Hong Kong (CUHK),"Hong Kong SAR, China",Pharmacy,42,38.0,80.6,87.3,49.6,60.9,92.9
University of Washington,United States,Pharmacy,43,80.0,64.7,84.8,48.6,10.8,100.0
Utrecht University,Netherlands,Pharmacy,44,113.0,56.3,65.8,26.6,35.1,79.6
Shanghai Jiao Tong University,China (Mainland),Pharmacy,45,46.0,77.4,82.7,90.2,57.7,97.1
University of Wisconsin-Madison,United States,Pharmacy,46,83.0,63.7,82.4,48.1,70.6,41.9
Uppsala University,Sweden,Pharmacy,47,128.0,54.3,63.6,27.4,43.4,43.4
King Saud University,Saudi Arabia,Pharmacy,48,237.0,39.4,34.5,13.1,60.8,29.3
Purdue University,United States,Pharmacy,49,129.0,54.2,62.7,73.1,11.7,70.9
University of Milan,Italy,Pharmacy,49,324.0,33.2,49.8,15.0,5.4,48.5
New York University (NYU),United States,Philosophy,1,39.0,80.3,95.9,99.0,98.1,28.9
The London School of Economics and Political Science (LSE),United Kingdom,Philosophy,2,56.0,72.3,69.0,98.3,37.8,84.6
Rutgers University–New Brunswick,United States,Philosophy,3,268.0,37.3,37.6,35.6,51.3,26.3
University of Pittsburgh,United States,Philosophy,4,183.0,45.6,39.9,16.3,96.3,37.4
University of Oxford,United Kingdom,Philosophy,5,4.0,98.4,100.0,100.0,100.0,90.0
Ludwig-Maximilians-Universität München,Germany,Philosophy,6,59.0,70.4,92.6,75.7,56.0,45.5
University of Cambridge,United Kingdom,Philosophy,6,2.0,98.8,100.0,100.0,100.0,92.3
The Australian National University,Australia,Philosophy,8,30.0,82.1,93.6,70.1,38.0,99.3
Harvard University,United States,Philosophy,9,5.0,97.6,100.0,100.0,99.4,100.0
University of Toronto,Canada,Philosophy,10,35.0,81.5,99.6,98.3,65.6,43.5
Humboldt-Universität zu Berlin,Germany,Philosophy,11,131.0,54.1,90.1,55.6,8.7,29.5
University of Notre Dame,United States,Philosophy,12,245.0,38.9,26.6,44.2,61.5,47.3
Princeton University,United States,Philosophy,13,17.0,89.2,99.9,98.9,72.6,100.0
University of St Andrews,United Kingdom,Philosophy,14,97.0,59.5,46.2,67.6,61.1,58.9
Stanford University,United States,Philosophy,15,3.0,98.5,100.0,100.0,100.0,99.9
Yale University,United States,Philosophy,16,18.0,89.0,99.9,100.0,100.0,51.5
"University of California, Berkeley (UCB)",United States,Philosophy,17,27.0,82.7,100.0,100.0,23.9,99.9
Massachusetts Institute of Technology (MIT),United States,Philosophy,18,,,,,,
KU Leuven,Belgium,Philosophy,19,76.0,66.0,83.8,53.0,7.7,92.7
University of Chicago,United States,Philosophy,20,10.0,93.2,99.2,92.2,92.9,86.8
Columbia University,United States,Philosophy,21,22.0,86.7,99.7,98.1,100.0,47.2
The University of Edinburgh,United Kingdom,Philosophy,22,15.0,89.5,98.0,97.2,81.1,70.1
Wuhan University,China (Mainland),Philosophy,23,194.0,44.3,38.8,56.6,13.8,88.1
King's College London,United Kingdom,Philosophy,24,37.0,81.2,88.8,83.2,74.5,60.5
National University of Singapore (NUS),Singapore,Philosophy,25,11.0,92.7,99.5,94.1,79.8,91.8
Renmin (People's) University of China,China (Mainland),Philosophy,25,629.0,,21.7,52.1,18.8,7.6
Sun Yat-sen University,China (Mainland),Philosophy,27,269.0,37.3,34.4,32.5,52.6,46.0
The Chinese University of Hong Kong (CUHK),"Hong Kong SAR, China",Philosophy,28,38.0,80.6,87.3,49.6,60.9,92.9
University of Michigan-Ann Arbor,United States,Philosophy,29,25.0,84.4,98.5,91.3,88.9,62.5
University of Copenhagen,Denmark,Philosophy,30,82.0,64.1,72.8,36.6,100.0,26.0
Durham University,United Kingdom,Philosophy,31,92.0,60.9,57.9,89.2,31.0,65.7
Université Paris 1 Panthéon-Sorbonne,France,Philosophy,32,,,,,,
Monash University,Australia,Philosophy,33,57.0,71.6,87.6,80.8,11.2,79.3
Freie Universitaet Berlin,Germany,Philosophy,34,118.0,55.8,80.7,44.9,4.0,63.5
The University of Sydney,Australia,Philosophy,34,41.0,79.6,96.2,91.7,15.6,92.1
University of Amsterdam,Netherlands,Philosophy,36,58.0,71.1,82.7,42.3,26.7,97.3
Peking University,China (Mainland),Philosophy,37,12.0,91.3,99.3,96.5,87.3,96.7
Goethe-University Frankfurt am Main,Germany,Philosophy,38,328.0,32.9,45.4,28.6,26.4,15.6
UCL,United Kingdom,Philosophy,39,8.0,95.0,99.4,98.6,97.6,77.0
Université PSL,France,Philosophy,40,26.0,83.8,74.4,97.0,99.8,84.1
Fudan University,China (Mainland),Philosophy,41,34.0,81.5,83.6,93.5,89.3,70.4
University of Leeds,United Kingdom,Philosophy,41,86.0,62.8,70.2,78.4,41.6,47.8
Zhejiang University,China (Mainland),Philosophy,43,43.0,79.3,72.2,95.3,78.7,88.4
Johns Hopkins University,United States,Philosophy,44,24.0,85.1,87.9,47.2,100.0,87.3
Université catholique de Louvain (UCLouvain),Belgium,Philosophy,44,196.0,44.2,49.7,43.0,5.4,61.7
Ruhr-Universität Bochum,Germany,Philosophy,46,416.0,27.5,21.4,8.9,2.2,72.6
Sorbonne University,France,Philosophy,47,60.0,70.1,90.0,41.7,40.6,86.3
University of Southern California,United States,Philosophy,47,134.0,53.7,54.6,59.1,28.4,71.7
Ruprecht-Karls-Universität Heidelberg,Germany,Philosophy,49,65.0,69.0,78.7,40.3,99.8,41.1
Western University,Canada,Philosophy,50,173.0,46.7,30.6,60.5,4.6,96.9
Massachusetts Institute of Technology (MIT),United States,Physics,1,,,,,,
Harvard University,United States,Physics,2,5.0,97.6,100.0,100.0,99.4,100.0
University of Oxford,United Kingdom,Physics,3,4.0,98.4,100.0,100.0,100.0,90.0
Stanford University,United States,Physics,4,3.0,98.5,100.0,100.0,100.0,99.9
University of Cambridge,United Kingdom,Physics,5,2.0,98.8,100.0,100.0,100.0,92.3
"University of California, Berkeley (UCB)",United States,Physics,6,27.0,82.7,100.0,100.0,23.9,99.9
California Institute of Technology (Caltech),United States,Physics,7,6.0,97.0,96.5,87.1,100.0,100.0
ETH Zurich - Swiss Federal Institute of Technology,Switzerland,Physics,8,9.0,93.6,98.6,91.3,74.2,99.2
The University of Tokyo,Japan,Physics,9,23.0,85.3,100.0,99.7,91.9,73.3
Princeton University,United States,Physics,10,17.0,89.2,99.9,98.9,72.6,100.0
Imperial College London,United Kingdom,Physics,11,7.0,97.0,98.3,99.7,99.5,86.5
Tsinghua University,China (Mainland),Physics,12,14.0,90.1,98.9,97.7,92.8,98.1
Peking University,China (Mainland),Physics,13,12.0,91.3,99.3,96.5,87.3,96.7
National University of Singapore (NUS),Singapore,Physics,14,11.0,92.7,99.5,94.1,79.8,91.8
"University of California, Los Angeles (UCLA)",United States,Physics,14,44.0,78.7,100.0,99.9,37.7,85.9
"Nanyang Technological University, Singapore (NTU)",Singapore,Physics,16,19.0,88.4,90.4,76.1,83.2,94.1
EPFL,Switzerland,Physics,17,16.0,89.2,83.7,71.8,91.1,99.4
University of Chicago,United States,Physics,18,10.0,93.2,99.2,92.2,92.9,86.8
Université Paris-Saclay,France,Physics,19,69.0,68.1,57.2,99.2,99.7,49.5
Yale University,United States,Physics,20,18.0,89.0,99.9,100.0,100.0,51.5
Cornell University,United States,Physics,21,20.0,87.2,98.3,91.4,62.2,99.3
Columbia University,United States,Physics,22,22.0,86.7,99.7,98.1,100.0,47.2
Technical University of Munich,Germany,Physics,23,49.0,76.4,84.0,96.8,96.4,25.8
Seoul National University,Republic of Korea,Physics,24,29.0,82.2,98.6,97.8,87.0,70.3
"University of California, Santa Barbara (UCSB)",United States,Physics,25,149.0,50.9,55.9,24.0,10.6,97.2
University of Illinois at Urbana-Champaign,United States,Physics,25,85.0,63.6,85.6,60.9,9.5,88.7
UCL,United Kingdom,Physics,27,8.0,95.0,99.4,98.6,97.6,77.0
Université PSL,France,Physics,27,26.0,83.8,74.4,97.0,99.8,84.1
Kyoto University,Japan,Physics,29,36.0,81.4,98.6,98.9,94.8,54.2
KAIST - Korea Advanced Institute of Science & Technology,Republic of Korea,Physics,30,42.0,79.3,88.1,85.8,68.9,97.7
University of Toronto,Canada,Physics,31,35.0,81.5,99.6,98.3,65.6,43.5
University of Science and Technology of China,China (Mainland),Physics,32,94.0,60.7,51.6,12.4,86.6,99.9
University of Michigan-Ann Arbor,United States,Physics,33,25.0,84.4,98.5,91.3,88.9,62.5
Georgia Institute of Technology,United States,Physics,34,88.0,62.3,67.7,77.0,11.1,95.5
Sorbonne University,France,Physics,35,60.0,70.1,90.0,41.7,40.6,86.3
University of Texas at Austin,United States,Physics,36,72.0,67.4,93.7,85.2,9.8,90.9
Pohang University of Science And Technology (POSTECH),Republic of Korea,Physics,37,71.0,67.7,47.4,69.4,100.0,98.0
Fudan University,China (Mainland),Physics,38,34.0,81.5,83.6,93.5,89.3,70.4
Ludwig-Maximilians-Universität München,Germany,Physics,39,59.0,70.4,92.6,75.7,56.0,45.5
Sapienza University of Rome,Italy,Physics,40,171.0,46.8,78.0,36.6,4.5,50.2
Delft University of Technology,Netherlands,Physics,41,61.0,70.0,71.6,80.2,34.5,84.4
"University of Maryland, College Park",United States,Physics,41,165.0,47.9,51.2,35.6,37.1,71.1
University of Pennsylvania,United States,Physics,41,13.0,90.6,96.5,92.5,99.9,70.9
Ruprecht-Karls-Universität Heidelberg,Germany,Physics,44,65.0,69.0,78.7,40.3,99.8,41.1
Shanghai Jiao Tong University,China (Mainland),Physics,44,46.0,77.4,82.7,90.2,57.7,97.1
University of British Columbia,Canada,Physics,44,47.0,77.0,98.0,95.4,56.5,42.1
"University of California, San Diego (UCSD)",United States,Physics,44,53.0,74.5,90.0,61.6,55.6,77.0
Institut Polytechnique de Paris,France,Physics,48,48.0,76.8,45.3,99.4,98.9,94.0
The University of Manchester,United Kingdom,Physics,49,28.0,82.3,95.1,97.7,63.1,59.0
Tohoku University,Japan,Physics,50,79.0,64.9,71.8,78.1,98.6,34.2
Harvard University,United States,Politics,1,5.0,97.6,100.0,100.0,99.4,100.0
University of Oxford,United Kingdom,Politics,2,4.0,98.4,100.0,100.0,100.0,90.0
Princeton University,United States,Politics,3,17.0,89.2,99.9,98.9,72.6,100.0
Sciences Po,France,Politics,4,,,,,,
Stanford University,United States,Politics,5,3.0,98.5,100.0,100.0,100.0,99.9
The London School of Economics and Political Science (LSE),United Kingdom,Politics,5,56.0,72.3,69.0,98.3,37.8,84.6
University of Cambridge,United Kingdom,Politics,7,2.0,98.8,100.0,100.0,100.0,92.3
Yale University,United States,Politics,8,18.0,89.0,99.9,100.0,100.0,51.5
"University of California, Berkeley (UCB)",United States,Politics,9,27.0,82.7,100.0,100.0,23.9,99.9
National University of Singapore (NUS),Singapore,Politics,10,11.0,92.7,99.5,94.1,79.8,91.8
The Australian National University,Australia,Politics,11,30.0,82.1,93.6,70.1,38.0,99.3
Columbia University,United States,Politics,12,22.0,86.7,99.7,98.1,100.0,47.2
King's College London,United Kingdom,Politics,12,37.0,81.2,88.8,83.2,74.5,60.5
Georgetown University,United States,Politics,14,281.0,36.3,31.2,44.6,55.4,27.3
Massachusetts Institute of Technology (MIT),United States,Politics,15,,,,,,
University of Chicago,United States,Politics,16,10.0,93.2,99.2,92.2,92.9,86.8
Leiden University,Netherlands,Politics,17,132.0,54.1,68.1,23.4,22.2,65.8
"University of California, Los Angeles (UCLA)",United States,Politics,18,44.0,78.7,100.0,99.9,37.7,85.9
Tsinghua University,China (Mainland),Politics,19,14.0,90.1,98.9,97.7,92.8,98.1
Fudan University,China (Mainland),Politics,20,34.0,81.5,83.6,93.5,89.3,70.4
Yonsei University,Republic of Korea,Politics,21,73.0,67.0,75.5,95.5,88.6,28.4
UCL,United Kingdom,Politics,22,8.0,95.0,99.4,98.6,97.6,77.0
University of Amsterdam,Netherlands,Politics,23,58.0,71.1,82.7,42.3,26.7,97.3
Seoul National University,Republic of Korea,Politics,24,29.0,82.2,98.6,97.8,87.0,70.3
Luiss Guido Carli University,Italy,Politics,25,,,,,,
University of Michigan-Ann Arbor,United States,Politics,26,25.0,84.4,98.5,91.3,88.9,62.5
Peking University,China (Mainland),Politics,27,12.0,91.3,99.3,96.5,87.3,96.7
ETH Zurich - Swiss Federal Institute of Technology,Switzerland,Politics,28,9.0,93.6,98.6,91.3,74.2,99.2
SOAS University of London,United Kingdom,Politics,28,,,,,,
The University of Tokyo,Japan,Politics,30,23.0,85.3,100.0,99.7,91.9,73.3
The University of Edinburgh,United Kingdom,Politics,31,15.0,89.5,98.0,97.2,81.1,70.1
Freie Universitaet Berlin,Germany,Politics,32,118.0,55.8,80.7,44.9,4.0,63.5
"University of California, San Diego (UCSD)",United States,Politics,33,53.0,74.5,90.0,61.6,55.6,77.0
Duke University,United States,Politics,34,50.0,74.8,86.1,79.8,100.0,41.2
"Nanyang Technological University, Singapore (NTU)",Singapore,Politics,34,19.0,88.4,90.4,76.1,83.2,94.1
University of Toronto,Canada,Politics,34,35.0,81.5,99.6,98.3,65.6,43.5
New York University (NYU),United States,Politics,37,39.0,80.3,95.9,99.0,98.1,28.9
Pontificia Universidad Católica de Chile (UC),Chile,Politics,38,121.0,54.9,91.8,98.1,22.3,12.5
George Washington University,United States,Politics,39,362.0,30.3,27.2,29.0,31.3,32.6
Johns Hopkins University,United States,Politics,39,24.0,85.1,87.9,47.2,100.0,87.3
Korea University,Republic of Korea,Politics,41,74.0,66.9,79.3,93.9,86.1,29.5
The University of Sydney,Australia,Politics,42,41.0,79.6,96.2,91.7,15.6,92.1
Central European University,Austria,Politics,43,,,,,,
McGill University,Canada,Politics,44,31.0,81.9,93.3,93.6,68.9,59.6
The University of Manchester,United Kingdom,Politics,45,28.0,82.3,95.1,97.7,63.1,59.0
Aarhus University,Denmark,Politics,46,161.0,48.6,55.6,33.5,32.4,55.2
European University Institute,Italy,Politics,46,,,,,,
Cornell University,United States,Politics,48,20.0,87.2,98.3,91.4,62.2,99.3
University of British Columbia,Canada,Politics,48,47.0,77.0,98.0,95.4,56.5,42.1
Universidade de São Paulo,Brazil,Politics,50,115.0,56.1,91.8,69.9,17.4,40.6
Harvard University,United States,Psychology,1,5.0,97.6,100.0,100.0,99.4,100.0
University of Oxford,United Kingdom,Psychology,2,4.0,98.4,100.0,100.0,100.0,90.0
Stanford University,United States,Psychology,3,3.0,98.5,100.0,100.0,100.0,99.9
University of Cambridge,United Kingdom,Psychology,4,2.0,98.8,100.0,100.0,100.0,92.3
Yale University,United States,Psychology,5,18.0,89.0,99.9,100.0,100.0,51.5
UCL,United Kingdom,Psychology,6,8.0,95.0,99.4,98.6,97.6,77.0
Columbia University,United States,Psychology,7,22.0,86.7,99.7,98.1,100.0,47.2
University of Michigan-Ann Arbor,United States,Psychology,8,25.0,84.4,98.5,91.3,88.9,62.5
"University of California, Los Angeles (UCLA)",United States,Psychology,9,44.0,78.7,100.0,99.9,37.7,85.9
University of Amsterdam,Netherlands,Psychology,10,58.0,71.1,82.7,42.3,26.7,97.3
Massachusetts Institute of Technology (MIT),United States,Psychology,11,,,,,,
"University of California, Berkeley (UCB)",United States,Psychology,12,27.0,82.7,100.0,100.0,23.9,99.9
University of Toronto,Canada,Psychology,13,35.0,81.5,99.6,98.3,65.6,43.5
New York University (NYU),United States,Psychology,14,39.0,80.3,95.9,99.0,98.1,28.9
University of Pennsylvania,United States,Psychology,14,13.0,90.6,96.5,92.5,99.9,70.9
National University of Singapore (NUS),Singapore,Psychology,16,11.0,92.7,99.5,94.1,79.8,91.8
KU Leuven,Belgium,Psychology,17,76.0,66.0,83.8,53.0,7.7,92.7
King's College London,United Kingdom,Psychology,18,37.0,81.2,88.8,83.2,74.5,60.5
The London School of Economics and Political Science (LSE),United Kingdom,Psychology,19,56.0,72.3,69.0,98.3,37.8,84.6
University of British Columbia,Canada,Psychology,19,47.0,77.0,98.0,95.4,56.5,42.1
The University of Melbourne,Australia,Psychology,21,33.0,81.6,98.6,94.9,17.9,95.0
Princeton University,United States,Psychology,22,17.0,89.2,99.9,98.9,72.6,100.0
Northwestern University,United States,Psychology,23,32.0,81.8,84.4,71.9,98.3,84.2
University of Chicago,United States,Psychology,24,10.0,93.2,99.2,92.2,92.9,86.8
McGill University,Canada,Psychology,25,31.0,81.9,93.3,93.6,68.9,59.6
University of Texas at Austin,United States,Psychology,26,72.0,67.4,93.7,85.2,9.8,90.9
"Nanyang Technological University, Singapore (NTU)",Singapore,Psychology,27,19.0,88.4,90.4,76.1,83.2,94.1
The University of Hong Kong,"Hong Kong SAR, China",Psychology,28,21.0,87.0,97.4,62.9,84.2,72.6
University of Groningen,Netherlands,Psychology,29,145.0,51.4,51.6,21.6,54.4,42.2
The University of Edinburgh,United Kingdom,Psychology,30,15.0,89.5,98.0,97.2,81.1,70.1
Utrecht University,Netherlands,Psychology,30,113.0,56.3,65.8,26.6,35.1,79.6
The Chinese University of Hong Kong (CUHK),"Hong Kong SAR, China",Psychology,32,38.0,80.6,87.3,49.6,60.9,92.9
The University of New South Wales (UNSW Sydney),Australia,Psychology,32,45.0,78.0,89.0,91.1,16.8,97.6
The University of Queensland,Australia,Psychology,34,51.0,74.8,86.6,75.6,20.2,90.8
Peking University,China (Mainland),Psychology,35,12.0,91.3,99.3,96.5,87.3,96.7
University of Illinois at Urbana-Champaign,United States,Psychology,36,85.0,63.6,85.6,60.9,9.5,88.7
Duke University,United States,Psychology,37,50.0,74.8,86.1,79.8,100.0,41.2
University of Minnesota Twin Cities,United States,Psychology,38,186.0,45.4,60.1,28.2,38.2,49.2
The University of Sydney,Australia,Psychology,39,41.0,79.6,96.2,91.7,15.6,92.1
University of Zurich,Switzerland,Psychology,40,84.0,63.7,58.0,39.2,93.3,49.3
Michigan State University,United States,Psychology,41,159.0,48.9,60.5,61.4,12.9,58.9
Pennsylvania State University,United States,Psychology,42,93.0,60.8,76.7,69.8,32.6,67.7
University of Washington,United States,Psychology,43,80.0,64.7,84.8,48.6,10.8,100.0
Erasmus University Rotterdam,Netherlands,Psychology,44,,,,,,
Vrije Universiteit Amsterdam,Netherlands,Psychology,45,214.0,42.3,39.7,12.6,30.0,70.0
"University of Maryland, College Park",United States,Psychology,46,165.0,47.9,51.2,35.6,37.1,71.1
"University of North Carolina, Chapel Hill",United States,Psychology,47,103.0,58.2,65.5,44.7,80.4,46.6
Carnegie Mellon University,United States,Psychology,48,52.0,74.6,72.1,69.0,58.6,100.0
Cornell University,United States,Psychology,49,20.0,87.2,98.3,91.4,62.2,99.3
The University of Manchester,United Kingdom,Psychology,50,28.0,82.3,95.1,97.7,63.1,59.0
Harvard University,United States,Social Policy,1,5.0,97.6,100.0,100.0,99.4,100.0
University of Oxford,United Kingdom,Social Policy,2,4.0,98.4,100.0,100.0,100.0,90.0
National University of Singapore (NUS),Singapore,Social Policy,3,11.0,92.7,99.5,94.1,79.8,91.8
Stanford University,United States,Social Policy,3,3.0,98.5,100.0,100.0,100.0,99.9
University of Cambridge,United Kingdom,Social Policy,5,2.0,98.8,100.0,100.0,100.0,92.3
Yonsei University,Republic of Korea,Social Policy,6,73.0,67.0,75.5,95.5,88.6,28.4
The London School of Economics and Political Science (LSE),United Kingdom,Social Policy,7,56.0,72.3,69.0,98.3,37.8,84.6
Seoul National University,Republic of Korea,Social Policy,8,29.0,82.2,98.6,97.8,87.0,70.3
"University of California, Berkeley (UCB)",United States,Social Policy,9,27.0,82.7,100.0,100.0,23.9,99.9
Renmin (People's) University of China,China (Mainland),Social Policy,10,629.0,,21.7,52.1,18.8,7.6
The University of Hong Kong,"Hong Kong SAR, China",Social Policy,11,21.0,87.0,97.4,62.9,84.2,72.6
Massachusetts Institute of Technology (MIT),United States,Social Policy,12,,,,,,
The University of Edinburgh,United Kingdom,Social Policy,13,15.0,89.5,98.0,97.2,81.1,70.1
Columbia University,United States,Social Policy,14,22.0,86.7,99.7,98.1,100.0,47.2
Syracuse University,United States,Social Policy,15,782.0,,13.6,15.9,14.6,17.0
Tsinghua University,China (Mainland),Social Policy,16,14.0,90.1,98.9,97.7,92.8,98.1
Sciences Po,France,Social Policy,17,,,,,,
University of Toronto,Canada,Social Policy,18,35.0,81.5,99.6,98.3,65.6,43.5
Princeton University,United States,Social Policy,19,17.0,89.2,99.9,98.9,72.6,100.0
University of Chicago,United States,Social Policy,20,10.0,93.2,99.2,92.2,92.9,86.8
Utrecht University,Netherlands,Social Policy,21,113.0,56.3,65.8,26.6,35.1,79.6
The University of Sydney,Australia,Social Policy,22,41.0,79.6,96.2,91.7,15.6,92.1
Indiana University Bloomington,United States,Social Policy,23,339.0,31.7,36.6,26.3,28.4,29.4
The University of Tokyo,Japan,Social Policy,23,23.0,85.3,100.0,99.7,91.9,73.3
Peking University,China (Mainland),Social Policy,25,12.0,91.3,99.3,96.5,87.3,96.7
Korea University,Republic of Korea,Social Policy,26,74.0,66.9,79.3,93.9,86.1,29.5
National Taiwan University (NTU),Taiwan,Social Policy,27,77.0,65.7,92.3,92.6,33.4,49.7
Sungkyunkwan University (SKKU),Republic of Korea,Social Policy,28,,,,,,
The Australian National University,Australia,Social Policy,28,30.0,82.1,93.6,70.1,38.0,99.3
Stockholm University,Sweden,Social Policy,30,153.0,50.1,54.5,17.7,29.2,62.5
UCL,United Kingdom,Social Policy,30,8.0,95.0,99.4,98.6,97.6,77.0
King's College London,United Kingdom,Social Policy,32,37.0,81.2,88.8,83.2,74.5,60.5
University of Bristol,United Kingdom,Social Policy,33,62.0,70.0,74.4,84.1,58.3,55.3
KU Leuven,Belgium,Social Policy,34,76.0,66.0,83.8,53.0,7.7,92.7
University of Michigan-Ann Arbor,United States,Social Policy,35,25.0,84.4,98.5,91.3,88.9,62.5
Johns Hopkins University,United States,Social Policy,36,24.0,85.1,87.9,47.2,100.0,87.3
City University of Hong Kong,"Hong Kong SAR, China",Social Policy,37,54.0,73.6,57.3,29.4,88.6,98.1
Leiden University,Netherlands,Social Policy,38,132.0,54.1,68.1,23.4,22.2,65.8
University of Amsterdam,Netherlands,Social Policy,39,58.0,71.1,82.7,42.3,26.7,97.3
Fudan University,China (Mainland),Social Policy,40,34.0,81.5,83.6,93.5,89.3,70.4
University of York,United Kingdom,Social Policy,41,162.0,48.4,43.3,36.1,45.0,48.6
Aarhus University,Denmark,Social Policy,42,161.0,48.6,55.6,33.5,32.4,55.2
The University of Melbourne,Australia,Social Policy,43,33.0,81.6,98.6,94.9,17.9,95.0
New York University (NYU),United States,Social Policy,44,39.0,80.3,95.9,99.0,98.1,28.9
University of British Columbia,Canada,Social Policy,44,47.0,77.0,98.0,95.4,56.5,42.1
McGill University,Canada,Social Policy,46,31.0,81.9,93.3,93.6,68.9,59.6
Università Commerciale Luigi Bocconi (Bocconi University),Italy,Social Policy,46,,,,,,
Duke University,United States,Social Policy,48,50.0,74.8,86.1,79.8,100.0,41.2
The University of Manchester,United Kingdom,Social Policy,48,28.0,82.3,95.1,97.7,63.1,59.0
"University of California, Los Angeles (UCLA)",United States,Social Policy,48,44.0,78.7,100.0,99.9,37.7,85.9
Harvard University,United States,Sociology,1,5.0,97.6,100.0,100.0,99.4,100.0
University of Oxford,United Kingdom,Sociology,2,4.0,98.4,100.0,100.0,100.0,90.0
Stanford University,United States,Sociology,3,3.0,98.5,100.0,100.0,100.0,99.9
"University of California, Berkeley (UCB)",United States,Sociology,4,27.0,82.7,100.0,100.0,23.9,99.9
The London School of Economics and Political Science (LSE),United Kingdom,Sociology,5,56.0,72.3,69.0,98.3,37.8,84.6
University of Cambridge,United Kingdom,Sociology,6,2.0,98.8,100.0,100.0,100.0,92.3
University of Chicago,United States,Sociology,7,10.0,93.2,99.2,92.2,92.9,86.8
Princeton University,United States,Sociology,8,17.0,89.2,99.9,98.9,72.6,100.0
Yale University,United States,Sociology,9,18.0,89.0,99.9,100.0,100.0,51.5
University of Michigan-Ann Arbor,United States,Sociology,10,25.0,84.4,98.5,91.3,88.9,62.5
University of Wisconsin-Madison,United States,Sociology,11,83.0,63.7,82.4,48.1,70.6,41.9
Columbia University,United States,Sociology,12,22.0,86.7,99.7,98.1,100.0,47.2
"University of California, Los Angeles (UCLA)",United States,Sociology,12,44.0,78.7,100.0,99.9,37.7,85.9
University of Toronto,Canada,Sociology,14,35.0,81.5,99.6,98.3,65.6,43.5
National University of Singapore (NUS),Singapore,Sociology,15,11.0,92.7,99.5,94.1,79.8,91.8
New York University (NYU),United States,Sociology,16,39.0,80.3,95.9,99.0,98.1,28.9
The University of Hong Kong,"Hong Kong SAR, China",Sociology,17,21.0,87.0,97.4,62.9,84.2,72.6
The Chinese University of Hong Kong (CUHK),"Hong Kong SAR, China",Sociology,18,38.0,80.6,87.3,49.6,60.9,92.9
Peking University,China (Mainland),Sociology,19,12.0,91.3,99.3,96.5,87.3,96.7
The University of Manchester,United Kingdom,Sociology,20,28.0,82.3,95.1,97.7,63.1,59.0
University of Amsterdam,Netherlands,Sociology,21,58.0,71.1,82.7,42.3,26.7,97.3
UCL,United Kingdom,Sociology,22,8.0,95.0,99.4,98.6,97.6,77.0
The Australian National University,Australia,Sociology,23,30.0,82.1,93.6,70.1,38.0,99.3
Duke University,United States,Sociology,24,50.0,74.8,86.1,79.8,100.0,41.2
Cornell University,United States,Sociology,25,20.0,87.2,98.3,91.4,62.2,99.3
Yonsei University,Republic of Korea,Sociology,26,73.0,67.0,75.5,95.5,88.6,28.4
The University of Tokyo,Japan,Sociology,27,23.0,85.3,100.0,99.7,91.9,73.3
Renmin (People's) University of China,China (Mainland),Sociology,28,629.0,,21.7,52.1,18.8,7.6
Universidad Nacional Autónoma de México (UNAM),Mexico,Sociology,29,105.0,58.0,96.0,95.1,43.2,2.9
The University of Edinburgh,United Kingdom,Sociology,30,15.0,89.5,98.0,97.2,81.1,70.1
University of Pennsylvania,United States,Sociology,30,13.0,90.6,96.5,92.5,99.9,70.9
National Taiwan University (NTU),Taiwan,Sociology,32,77.0,65.7,92.3,92.6,33.4,49.7
Sciences Po,France,Sociology,33,,,,,,
The University of Melbourne,Australia,Sociology,34,33.0,81.6,98.6,94.9,17.9,95.0
Seoul National University,Republic of Korea,Sociology,35,29.0,82.2,98.6,97.8,87.0,70.3
Humboldt-Universität zu Berlin,Germany,Sociology,36,131.0,54.1,90.1,55.6,8.7,29.5
Northwestern University,United States,Sociology,36,32.0,81.8,84.4,71.9,98.3,84.2
University of British Columbia,Canada,Sociology,38,47.0,77.0,98.0,95.4,56.5,42.1
The University of Sydney,Australia,Sociology,39,41.0,79.6,96.2,91.7,15.6,92.1
University of Sussex,United Kingdom,Sociology,39,240.0,39.2,23.9,6.8,16.2,80.5
Massachusetts Institute of Technology (MIT),United States,Sociology,41,,,,,,
University of Bristol,United Kingdom,Sociology,42,62.0,70.0,74.4,84.1,58.3,55.3
Freie Universitaet Berlin,Germany,Sociology,43,118.0,55.8,80.7,44.9,4.0,63.5
Tsinghua University,China (Mainland),Sociology,43,14.0,90.1,98.9,97.7,92.8,98.1
Fudan University,China (Mainland),Sociology,45,34.0,81.5,83.6,93.5,89.3,70.4
University of Copenhagen,Denmark,Sociology,46,82.0,64.1,72.8,36.6,100.0,26.0
University of Texas at Austin,United States,Sociology,47,72.0,67.4,93.7,85.2,9.8,90.9
McGill University,Canada,Sociology,48,31.0,81.9,93.3,93.6,68.9,59.6
King's College London,United Kingdom,Sociology,49,37.0,81.2,88.8,83.2,74.5,60.5
Universidad de Buenos Aires (UBA),Argentina,Sociology,50,67.0,68.9,92.3,94.0,76.0,1.8
Loughborough University,United Kingdom,Sports-related Subjects,1,256.0,38.1,29.9,65.9,22.2,37.7
The University of Queensland,Australia,Sports-related Subjects,2,51.0,74.8,86.6,75.6,20.2,90.8
The University of Sydney,Australia,Sports-related Subjects,3,41.0,79.6,96.2,91.7,15.6,92.1
University of Toronto,Canada,Sports-related Subjects,4,35.0,81.5,99.6,98.3,65.6,43.5
University of British Columbia,Canada,Sports-related Subjects,5,47.0,77.0,98.0,95.4,56.5,42.1
The University of Melbourne,Australia,Sports-related Subjects,6,33.0,81.6,98.6,94.9,17.9,95.0
University of Florida,United States,Sports-related Subjects,7,188.0,45.3,48.5,47.0,71.4,26.4
University of Birmingham,United Kingdom,Sports-related Subjects,8,91.0,61.1,66.0,74.7,44.1,45.9
University of Michigan-Ann Arbor,United States,Sports-related Subjects,9,25.0,84.4,98.5,91.3,88.9,62.5
University of Alberta,Canada,Sports-related Subjects,10,110.0,56.9,55.1,48.9,51.5,53.9
University of Otago,New Zealand,Sports-related Subjects,11,218.0,42.0,47.1,34.3,12.5,51.4
National University of Singapore (NUS),Singapore,Sports-related Subjects,12,11.0,92.7,99.5,94.1,79.8,91.8
University of Bath,United Kingdom,Sports-related Subjects,12,180.0,45.7,34.4,68.9,19.9,59.1
Deakin University,Australia,Sports-related Subjects,14,266.0,37.5,27.6,30.7,4.7,66.8
Pennsylvania State University,United States,Sports-related Subjects,14,93.0,60.8,76.7,69.8,32.6,67.7
Liverpool John Moores University,United Kingdom,Sports-related Subjects,16,857.0,,9.4,5.1,9.4,15.1
University of Copenhagen,Denmark,Sports-related Subjects,17,82.0,64.1,72.8,36.6,100.0,26.0
Columbia University,United States,Sports-related Subjects,18,22.0,86.7,99.7,98.1,100.0,47.2
The University of Edinburgh,United Kingdom,Sports-related Subjects,18,15.0,89.5,98.0,97.2,81.1,70.1
Western University,Canada,Sports-related Subjects,20,173.0,46.7,30.6,60.5,4.6,96.9
KU Leuven,Belgium,Sports-related Subjects,21,76.0,66.0,83.8,53.0,7.7,92.7
Seoul National University,Republic of Korea,Sports-related Subjects,21,29.0,82.2,98.6,97.8,87.0,70.3
The Chinese University of Hong Kong (CUHK),"Hong Kong SAR, China",Sports-related Subjects,21,38.0,80.6,87.3,49.6,60.9,92.9
The University of Auckland,New Zealand,Sports-related Subjects,24,87.0,62.7,81.5,48.3,22.4,54.1
The Ohio State University,United States,Sports-related Subjects,25,140.0,52.0,61.1,62.2,51.1,34.6
Yonsei University,Republic of Korea,Sports-related Subjects,26,73.0,67.0,75.5,95.5,88.6,28.4
The University of Hong Kong,"Hong Kong SAR, China",Sports-related Subjects,27,21.0,87.0,97.4,62.9,84.2,72.6
"University of North Carolina, Chapel Hill",United States,Sports-related Subjects,28,103.0,58.2,65.5,44.7,80.4,46.6
"Nanyang Technological University, Singapore (NTU)",Singapore,Sports-related Subjects,29,19.0,88.4,90.4,76.1,83.2,94.1
University of Calgary,Canada,Sports-related Subjects,29,242.0,39.0,36.1,50.5,21.2,41.9
University of Illinois at Urbana-Champaign,United States,Sports-related Subjects,29,85.0,63.6,85.6,60.9,9.5,88.7
The University of Western Australia,Australia,Sports-related Subjects,32,90.0,61.7,55.6,49.9,21.8,98.9
McMaster University,Canada,Sports-related Subjects,33,152.0,50.4,39.9,50.2,84.7,21.3
Peking University,China (Mainland),Sports-related Subjects,34,12.0,91.3,99.3,96.5,87.3,96.7
University of Ottawa,Canada,Sports-related Subjects,34,239.0,39.4,25.9,38.8,4.4,80.3
McGill University,Canada,Sports-related Subjects,36,31.0,81.9,93.3,93.6,68.9,59.6
The University of Exeter,United Kingdom,Sports-related Subjects,37,163.0,48.2,41.1,56.1,31.5,55.3
Auckland University of Technology (AUT),New Zealand,Sports-related Subjects,38,486.0,24.7,19.1,14.6,9.5,17.9
Universidade de São Paulo,Brazil,Sports-related Subjects,39,115.0,56.1,91.8,69.9,17.4,40.6
UCL,United Kingdom,Sports-related Subjects,40,8.0,95.0,99.4,98.6,97.6,77.0
University of Technology Sydney,Australia,Sports-related Subjects,41,137.0,53.2,41.8,66.1,9.6,90.4
The University of Manchester,United Kingdom,Sports-related Subjects,42,28.0,82.3,95.1,97.7,63.1,59.0
Vrije Universiteit Amsterdam,Netherlands,Sports-related Subjects,42,214.0,42.3,39.7,12.6,30.0,70.0
The University of New South Wales (UNSW Sydney),Australia,Sports-related Subjects,44,45.0,78.0,89.0,91.1,16.8,97.6
Edith Cowan University,Australia,Sports-related Subjects,45,,,,,,
The Hong Kong Polytechnic University,"Hong Kong SAR, China",Sports-related Subjects,46,66.0,69.0,66.1,37.0,78.4,68.9
La Trobe University,Australia,Sports-related Subjects,47,316.0,33.9,20.8,20.9,6.4,61.9
University of Jyväskylä,Finland,Sports-related Subjects,47,348.0,31.1,16.9,15.4,83.6,19.3
The University of Tokyo,Japan,Sports-related Subjects,49,23.0,85.3,100.0,99.7,91.9,73.3
King's College London,United Kingdom,Sports-related Subjects,50,37.0,81.2,88.8,83.2,74.5,60.5
Massachusetts Institute of Technology (MIT),United States,Statistics,1,,,,,,
Stanford University,United States,Statistics,2,3.0,98.5,100.0,100.0,100.0,99.9
Harvard University,United States,Statistics,3,5.0,97.6,100.0,100.0,99.4,100.0
University of Cambridge,United Kingdom,Statistics,4,2.0,98.8,100.0,100.0,100.0,92.3
"University of California, Berkeley (UCB)",United States,Statistics,5,27.0,82.7,100.0,100.0,23.9,99.9
ETH Zurich - Swiss Federal Institute of Technology,Switzerland,Statistics,6,9.0,93.6,98.6,91.3,74.2,99.2
University of Oxford,United Kingdom,Statistics,7,4.0,98.4,100.0,100.0,100.0,90.0
Georgia Institute of Technology,United States,Statistics,8,88.0,62.3,67.7,77.0,11.1,95.5
Tsinghua University,China (Mainland),Statistics,9,14.0,90.1,98.9,97.7,92.8,98.1
National University of Singapore (NUS),Singapore,Statistics,10,11.0,92.7,99.5,94.1,79.8,91.8
Imperial College London,United Kingdom,Statistics,11,7.0,97.0,98.3,99.7,99.5,86.5
Carnegie Mellon University,United States,Statistics,12,52.0,74.6,72.1,69.0,58.6,100.0
Princeton University,United States,Statistics,13,17.0,89.2,99.9,98.9,72.6,100.0
EPFL,Switzerland,Statistics,14,16.0,89.2,83.7,71.8,91.1,99.4
Columbia University,United States,Statistics,15,22.0,86.7,99.7,98.1,100.0,47.2
"University of California, Los Angeles (UCLA)",United States,Statistics,16,44.0,78.7,100.0,99.9,37.7,85.9
University of Toronto,Canada,Statistics,17,35.0,81.5,99.6,98.3,65.6,43.5
University of Chicago,United States,Statistics,18,10.0,93.2,99.2,92.2,92.9,86.8
University of Michigan-Ann Arbor,United States,Statistics,19,25.0,84.4,98.5,91.3,88.9,62.5
Cornell University,United States,Statistics,20,20.0,87.2,98.3,91.4,62.2,99.3
Peking University,China (Mainland),Statistics,21,12.0,91.3,99.3,96.5,87.3,96.7
Shanghai Jiao Tong University,China (Mainland),Statistics,22,46.0,77.4,82.7,90.2,57.7,97.1
Technical University of Munich,Germany,Statistics,22,49.0,76.4,84.0,96.8,96.4,25.8
The University of Hong Kong,"Hong Kong SAR, China",Statistics,24,21.0,87.0,97.4,62.9,84.2,72.6
University of Pennsylvania,United States,Statistics,24,13.0,90.6,96.5,92.5,99.9,70.9
The Hong Kong University of Science and Technology,"Hong Kong SAR, China",Statistics,26,40.0,79.8,82.0,50.1,62.6,98.6
Duke University,United States,Statistics,27,50.0,74.8,86.1,79.8,100.0,41.2
"Nanyang Technological University, Singapore (NTU)",Singapore,Statistics,28,19.0,88.4,90.4,76.1,83.2,94.1
University of Washington,United States,Statistics,29,80.0,64.7,84.8,48.6,10.8,100.0
Purdue University,United States,Statistics,30,129.0,54.2,62.7,73.1,11.7,70.9
The Hong Kong Polytechnic University,"Hong Kong SAR, China",Statistics,31,66.0,69.0,66.1,37.0,78.4,68.9
Institut Polytechnique de Paris,France,Statistics,32,48.0,76.8,45.3,99.4,98.9,94.0
Fudan University,China (Mainland),Statistics,33,34.0,81.5,83.6,93.5,89.3,70.4
Northwestern University,United States,Statistics,33,32.0,81.8,84.4,71.9,98.3,84.2
The University of Warwick,United Kingdom,Statistics,33,64.0,69.1,71.8,89.3,43.1,63.1
Sorbonne University,France,Statistics,36,60.0,70.1,90.0,41.7,40.6,86.3
Yale University,United States,Statistics,36,18.0,89.0,99.9,100.0,100.0,51.5
Université de Montréal,Canada,Statistics,38,,,,,,
Université PSL,France,Statistics,38,26.0,83.8,74.4,97.0,99.8,84.1
The University of Tokyo,Japan,Statistics,40,23.0,85.3,100.0,99.7,91.9,73.3
Delft University of Technology,Netherlands,Statistics,41,61.0,70.0,71.6,80.2,34.5,84.4
New York University (NYU),United States,Statistics,41,39.0,80.3,95.9,99.0,98.1,28.9
The Chinese University of Hong Kong (CUHK),"Hong Kong SAR, China",Statistics,41,38.0,80.6,87.3,49.6,60.9,92.9
UCL,United Kingdom,Statistics,41,8.0,95.0,99.4,98.6,97.6,77.0
Zhejiang University,China (Mainland),Statistics,45,43.0,79.3,72.2,95.3,78.7,88.4
University of British Columbia,Canada,Statistics,46,47.0,77.0,98.0,95.4,56.5,42.1
University of Illinois at Urbana-Champaign,United States,Statistics,47,85.0,63.6,85.6,60.9,9.5,88.7
Johns Hopkins University,United States,Statistics,48,24.0,85.1,87.9,47.2,100.0,87.3
Université Paris-Saclay,France,Statistics,48,69.0,68.1,57.2,99.2,99.7,49.5
Seoul National University,Republic of Korea,Statistics,50,29.0,82.2,98.6,97.8,87.0,70.3
University of Wisconsin-Madison,United States,Statistics,50,83.0,63.7,82.4,48.1,70.6,41.9
University of Notre Dame,United States,Theology,1,245.0,38.9,26.6,44.2,61.5,47.3
Harvard University,United States,Theology,2,5.0,97.6,100.0,100.0,99.4,100.0
University of Oxford,United Kingdom,Theology,3,4.0,98.4,100.0,100.0,100.0,90.0
University of Cambridge,United Kingdom,Theology,4,2.0,98.8,100.0,100.0,100.0,92.3
Duke University,United States,Theology,5,50.0,74.8,86.1,79.8,100.0,41.2
Durham University,United Kingdom,Theology,6,92.0,60.9,57.9,89.2,31.0,65.7
Yale University,United States,Theology,7,18.0,89.0,99.9,100.0,100.0,51.5
The University of Edinburgh,United Kingdom,Theology,8,15.0,89.5,98.0,97.2,81.1,70.1
University of Chicago,United States,Theology,9,10.0,93.2,99.2,92.2,92.9,86.8
University of Toronto,Canada,Theology,10,35.0,81.5,99.6,98.3,65.6,43.5
Ruprecht-Karls-Universität Heidelberg,Germany,Theology,11,65.0,69.0,78.7,40.3,99.8,41.1
Eberhard Karls Universität Tübingen,Germany,Theology,12,169.0,47.2,44.7,21.0,96.7,14.9
Boston College,United States,Theology,13,567.0,,21.1,20.4,23.5,24.1
University of St Andrews,United Kingdom,Theology,14,97.0,59.5,46.2,67.6,61.1,58.9
KU Leuven,Belgium,Theology,15,76.0,66.0,83.8,53.0,7.7,92.7
Princeton University,United States,Theology,16,17.0,89.2,99.9,98.9,72.6,100.0
Yonsei University,Republic of Korea,Theology,17,73.0,67.0,75.5,95.5,88.6,28.4
"University of California, Berkeley (UCB)",United States,Theology,18,27.0,82.7,100.0,100.0,23.9,99.9
Columbia University,United States,Theology,19,22.0,86.7,99.7,98.1,100.0,47.2
The Hebrew University of Jerusalem,Israel,Theology,20,223.0,41.5,34.8,23.8,78.8,28.7
Emory University,United States,Theology,21,155.0,49.5,25.2,15.7,99.1,68.7
Australian Catholic University,Australia,Theology,22,808.0,,7.0,11.4,5.0,15.0
The University of Sydney,Australia,Theology,23,41.0,79.6,96.2,91.7,15.6,92.1
Westfälische Wilhelms-Universität Münster,Germany,Theology,24,,,,,,
Seoul National University,Republic of Korea,Theology,25,29.0,82.2,98.6,97.8,87.0,70.3
University of Aberdeen,United Kingdom,Theology,26,221.0,41.6,28.3,36.0,33.5,50.6
McGill University,Canada,Theology,27,31.0,81.9,93.3,93.6,68.9,59.6
Ludwig-Maximilians-Universität München,Germany,Theology,28,59.0,70.4,92.6,75.7,56.0,45.5
University of Vienna,Austria,Theology,29,151.0,50.6,69.4,55.3,24.2,14.1
Université catholique de Louvain (UCLouvain),Belgium,Theology,30,196.0,44.2,49.7,43.0,5.4,61.7
Humboldt-Universität zu Berlin,Germany,Theology,31,131.0,54.1,90.1,55.6,8.7,29.5
The Chinese University of Hong Kong (CUHK),"Hong Kong SAR, China",Theology,32,38.0,80.6,87.3,49.6,60.9,92.9
Boston University,United States,Theology,33,108.0,57.2,62.3,57.2,40.4,61.6
Universidad Pontificia Comillas,Spain,Theology,34,640.0,,8.5,64.9,41.1,2.5
King's College London,United Kingdom,Theology,35,37.0,81.2,88.8,83.2,74.5,60.5
The Australian National University,Australia,Theology,36,30.0,82.1,93.6,70.1,38.0,99.3
Leiden University,Netherlands,Theology,37,132.0,54.1,68.1,23.4,22.2,65.8
University of Oslo,Norway,Theology,37,101.0,58.7,54.9,14.5,83.8,62.7
Kyoto University,Japan,Theology,39,36.0,81.4,98.6,98.9,94.8,54.2
University of Michigan-Ann Arbor,United States,Theology,39,25.0,84.4,98.5,91.3,88.9,62.5
Vanderbilt University,United States,Theology,39,199.0,43.9,25.9,22.2,100.0,38.5
Vrije Universiteit Amsterdam,Netherlands,Theology,39,214.0,42.3,39.7,12.6,30.0,70.0
University of Navarra,Spain,Theology,43,254.0,38.3,29.4,66.4,59.7,15.1
University of Groningen,Netherlands,Theology,44,145.0,51.4,51.6,21.6,54.4,42.2
University of Birmingham,United Kingdom,Theology,45,91.0,61.1,66.0,74.7,44.1,45.9
University of Helsinki,Finland,Theology,45,107.0,57.8,65.3,44.6,66.5,49.8
Pontificia Universidad Católica de Chile (UC),Chile,Theology,47,121.0,54.9,91.8,98.1,22.3,12.5
Fudan University,China (Mainland),Theology,48,34.0,81.5,83.6,93.5,89.3,70.4
Radboud University,Netherlands,Theology,49,,,,,,
Stanford University,United States,Theology,50,3.0,98.5,100.0,100.0,100.0,99.9
"Royal Veterinary College, University of London",United Kingdom,Veterinary Science,1,,,,,,
"University of California, Davis",United States,Veterinary Science,2,102.0,58.2,64.8,51.0,27.1,68.7
Cornell University,United States,Veterinary Science,3,20.0,87.2,98.3,91.4,62.2,99.3
Colorado State University,United States,Veterinary Science,4,408.0,27.9,19.1,19.2,63.5,20.8
The University of Edinburgh,United Kingdom,Veterinary Science,5,15.0,89.5,98.0,97.2,81.1,70.1
University of Guelph,Canada,Veterinary Science,6,597.0,,13.5,31.5,6.0,41.7
Vetsuisse Faculty Bern and Zurich,Switzerland,Veterinary Science,7,,,,,,
Utrecht University,Netherlands,Veterinary Science,8,113.0,56.3,65.8,26.6,35.1,79.6
University of Pennsylvania,United States,Veterinary Science,9,13.0,90.6,96.5,92.5,99.9,70.9
Texas A&M University,United States,Veterinary Science,10,164.0,47.9,61.5,65.0,5.0,67.8
University of Liverpool,United Kingdom,Veterinary Science,11,191.0,44.6,42.7,34.3,41.5,33.7
Iowa State University,United States,Veterinary Science,12,483.0,24.8,19.4,13.9,7.9,65.8
University of Wisconsin-Madison,United States,Veterinary Science,12,83.0,63.7,82.4,48.1,70.6,41.9
The Ohio State University,United States,Veterinary Science,14,140.0,52.0,61.1,62.2,51.1,34.6
University of Cambridge,United Kingdom,Veterinary Science,15,2.0,98.8,100.0,100.0,100.0,92.3
Michigan State University,United States,Veterinary Science,16,159.0,48.9,60.5,61.4,12.9,58.9
University of Florida,United States,Veterinary Science,17,188.0,45.3,48.5,47.0,71.4,26.4
Wageningen University & Research,Netherlands,Veterinary Science,17,124.0,54.6,42.8,17.0,97.4,48.2
Massey University,New Zealand,Veterinary Science,19,293.0,35.7,29.3,19.1,37.4,22.6
North Carolina State University,United States,Veterinary Science,20,313.0,34.1,29.2,23.0,11.3,68.3
The University of Sydney,Australia,Veterinary Science,21,41.0,79.6,96.2,91.7,15.6,92.1
University of Glasgow,United Kingdom,Veterinary Science,22,81.0,64.6,75.1,75.1,50.5,34.7
University of Copenhagen,Denmark,Veterinary Science,23,82.0,64.1,72.8,36.6,100.0,26.0
University of Minnesota Twin Cities,United States,Veterinary Science,23,186.0,45.4,60.1,28.2,38.2,49.2
Ghent University,Belgium,Veterinary Science,25,143.0,51.6,54.0,30.1,83.2,26.9
The University of Melbourne,Australia,Veterinary Science,25,33.0,81.6,98.6,94.9,17.9,95.0
Universitat Autònoma de Barcelona,Spain,Veterinary Science,27,178.0,45.8,62.2,28.9,11.8,66.9
Université de Montréal,Canada,Veterinary Science,28,,,,,,
Swedish University of Agricultural Sciences,Sweden,Veterinary Science,29,,,,,,
University of Bristol,United Kingdom,Veterinary Science,30,62.0,70.0,74.4,84.1,58.3,55.3
University of Veterinary Medicine Vienna,Austria,Veterinary Science,31,,,,,,
University of Calgary,Canada,Veterinary Science,32,242.0,39.0,36.1,50.5,21.2,41.9
University College Dublin,Ireland,Veterinary Science,33,182.0,45.6,48.7,46.8,22.5,43.0
The University of Georgia,United States,Veterinary Science,34,634.0,,21.2,27.2,11.7,31.5
The University of Queensland,Australia,Veterinary Science,35,51.0,74.8,86.6,75.6,20.2,90.8
"VetAgro Sup, Campus Vétérinaire de Lyon",France,Veterinary Science,36,,,,,,
Universiti Putra Malaysia (UPM),Malaysia,Veterinary Science,37,123.0,54.7,56.8,59.2,75.4,19.5
Complutense University of Madrid,Spain,Veterinary Science,38,226.0,41.2,69.2,57.4,22.3,10.2
Murdoch University,Australia,Veterinary Science,39,569.0,,6.7,7.5,5.8,44.6
Ludwig-Maximilians-Universität München,Germany,Veterinary Science,40,59.0,70.4,92.6,75.7,56.0,45.5
University of Illinois at Urbana-Champaign,United States,Veterinary Science,41,85.0,63.6,85.6,60.9,9.5,88.7
The University of Tokyo,Japan,Veterinary Science,42,23.0,85.3,100.0,99.7,91.9,73.3
Tufts University,United States,Veterinary Science,43,314.0,34.1,18.3,7.2,65.7,48.2
Alma Mater Studiorum - University of Bologna,Italy,Veterinary Science,44,167.0,47.5,78.5,43.1,3.5,49.7
"The University of Tennessee, Knoxville",United States,Veterinary Science,45,635.0,,10.8,23.9,13.2,54.3
University of Milan,Italy,Veterinary Science,46,324.0,33.2,49.8,15.0,5.4,48.5
University of Nottingham,United Kingdom,Veterinary Science,47,114.0,56.2,59.0,75.3,36.9,45.2
Purdue University,United States,Veterinary Science,48,129.0,54.2,62.7,73.1,11.7,70.9
"École Nationale Vétérinaire, Alfort",France,Veterinary Science,49,,,,,,
Kansas State University,United States,Veterinary Science,49,,,,,,
